 ,Sample Id,R,Acquisition Time,QC Status,Dataset File,Method File,"Na KED 23/23
Helium KED_Low
(ppb)","Mg KED 24/24
Helium KED_Low
(ppb)","Al KED 27/27
Helium KED_Low
(ppb)","P Oshift 31/47
Oxygen DRC
(ppb)","S (34) -1 34/34
Helium KED_Low
(ppb)","K KED 39/39
Helium KED_Low
(ppb)","Ca KED 43/43
Helium KED_Low
(ppb)","V KED 51/51
Helium KED_Low
(ppb)","Cr (52) 52/52
Helium KED_Low
(ppb)","Cr (53) NH3 53/53
Ammonia DRC
(ppb)","Fe (54) NH3 54/54
Ammonia DRC
(ppb)","Mn Oshift 55/71
Oxygen DRC
(ppb)","Fe (56) KED 56/56
Helium KED_Low
(ppb)","Co KED 59/59
Helium KED_Low
(ppb)","Ni KED 60/60
Helium KED_Low
(ppb)","Cu (63) KED 63/63
Helium KED_Low
(ppb)","Cu (65) NH3 65/65
Ammonia DRC
(ppb)","Zn NH3 66/66
Ammonia DRC
(ppb)","As 75/75
(ppb)","As KED 75/75
Helium KED_Low
(ppb)","As  RH Oshift 75/91
Oxygen DRC
(ppb)","As Oshift 75/91
Oxygen DRC
(ppb)","Se (77) 77/77
(ppb)","Se (77) Oshift 77/93
Oxygen DRC
(ppb)","Se (78) Oshift 78/94
Oxygen DRC
(ppb)","Se (80) Oshift 80/96
Oxygen DRC
(ppb)","Se (82) 82/82
(ppb)","Se (82) Oshift 82/98
Oxygen DRC
(ppb)","Y 89/89
(ppb)","Y (EDR) 89/89
(ppb)","Mo (95) NH3 95/95
Ammonia DRC
(ppb)","Mo (95) OShift 95/127
Oxygen DRC
(ppb)",Rh (IS1) 103/103 (IS),"Rh (IS2) 103/103 (IS)
Oxygen DRC","Rh (IS3) 103/103 (IS)
Helium KED_Low","Rh (IS4) 103/103 (IS)
Ammonia DRC","Rh (IS5) 103/103 (IS)
Ammonia DRC","Rh (IS6) 103/103 (IS)
Oxygen DRC","Rh OShift (IS1) 103/119 (IS)
Oxygen DRC","Cd (111) NH3 111/111
Ammonia DRC
(ppb)","Cd (114) NH3 114/114
Ammonia DRC
(ppb)","In 115/115
(ppb)","Pb 208/208
(ppb)","Pb NH3 208/208
Ammonia DRC
(ppb)"
1,CAL BLANK,R,5/16/2023 12:22,,C:\Users\Public\Documents\PerkinElmer Syngistix\ICPMS\DataSet\230515_BAMRAB\CAL BLANK.211,C:\Users\Public\Documents\PerkinElmer Syngistix\ICPMS\Method\EBL Methods\230515_UCFR_5% _BAMRAB.mth,,,,,,,,,,,,,,,,,,,,,,,,,,,,,,,,,100.00%,100.00%,100.00%,100.00%,100.00%,100.00%,100.00%,,,,,
2,LOW 0.01,R,5/16/2023 12:28,,C:\Users\Public\Documents\PerkinElmer Syngistix\ICPMS\DataSet\230515_BAMRAB\LOW 0.01.212,C:\Users\Public\Documents\PerkinElmer Syngistix\ICPMS\Method\EBL Methods\230515_UCFR_5% _BAMRAB.mth,49.969,-1.016,-0.037,0.002,473.053,39.29,40.803,0.011,0.01,0.01,-0.19,0.01,-0.058,-0.031,0.01,-0.153,-0.206,-0.092,0.038,0.01,0.27,0.01,0.009,0.01,0.01,0.022,0.01,0.01,,,0.012,0.004,97.40%,103.50%,96.40%,110.20%,99.00%,101.50%,100.00%,0.01,0.01,,0.01,-0.017
3,LOW 0.1,R,5/16/2023 12:34,,C:\Users\Public\Documents\PerkinElmer Syngistix\ICPMS\DataSet\230515_BAMRAB\LOW 0.1.213,C:\Users\Public\Documents\PerkinElmer Syngistix\ICPMS\Method\EBL Methods\230515_UCFR_5% _BAMRAB.mth,151.16,100.81,2.67,1.187,446.933,127.423,158.579,0.111,0.119,0.099,-0.022,0.107,0.099,0.101,0.102,0.032,-0.011,0.097,0.099,0.125,0.361,0.108,0.174,0.104,0.103,0.1,0.087,0.12,,,0.1,0.101,97.90%,98.10%,96.60%,108.50%,97.70%,98.60%,99.60%,0.104,0.102,,0.123,0.099
4,LOW 0.5,R,5/16/2023 12:40,,C:\Users\Public\Documents\PerkinElmer Syngistix\ICPMS\DataSet\230515_BAMRAB\LOW 0.5.214,C:\Users\Public\Documents\PerkinElmer Syngistix\ICPMS\Method\EBL Methods\230515_UCFR_5% _BAMRAB.mth,502.521,478.403,4.085,2.012,788.655,499.637,483.588,0.515,0.442,0.478,0.494,0.494,0.558,0.468,0.496,0.529,0.488,0.506,0.542,0.539,0.71,0.483,0.406,0.501,0.479,0.513,0.518,0.506,,,0.474,0.473,94.20%,99.80%,98.00%,107.50%,92.40%,99.50%,101.50%,0.485,0.472,,0.511,0.52
5,STD 1,R,5/16/2023 12:45,,C:\Users\Public\Documents\PerkinElmer Syngistix\ICPMS\DataSet\230515_BAMRAB\STD 1.215,C:\Users\Public\Documents\PerkinElmer Syngistix\ICPMS\Method\EBL Methods\230515_UCFR_5% _BAMRAB.mth,1006.413,1000.419,1.001,0.87,1067.86,1009.102,1004.871,0.944,0.943,1.17,1.019,0.989,0.877,1.01,1.047,0.881,1.046,1.277,0.976,0.9,1.169,0.954,0.818,0.874,0.885,0.992,0.994,0.918,,,1.147,1.017,95.70%,97.80%,95.70%,92.30%,95.60%,97.50%,96.70%,1.139,1.164,,1.026,1.019
6,STD 5,R,5/16/2023 12:51,,C:\Users\Public\Documents\PerkinElmer Syngistix\ICPMS\DataSet\230515_BAMRAB\STD 5.216,C:\Users\Public\Documents\PerkinElmer Syngistix\ICPMS\Method\EBL Methods\230515_UCFR_5% _BAMRAB.mth,4908.001,5051.201,7.427,4.294,5088.308,4842.927,4951.466,4.882,4.81,4.798,5.049,4.985,5.072,5.012,4.884,4.938,4.948,4.666,4.518,4.768,5.043,4.914,4.151,4.593,4.971,4.927,4.702,4.805,,,4.788,5.079,100.30%,96.20%,96.90%,104.90%,94.40%,97.30%,93.40%,4.811,4.824,,4.761,5.089
7,STD 10,R,5/16/2023 12:57,,C:\Users\Public\Documents\PerkinElmer Syngistix\ICPMS\DataSet\230515_BAMRAB\STD 10.217,C:\Users\Public\Documents\PerkinElmer Syngistix\ICPMS\Method\EBL Methods\230515_UCFR_5% _BAMRAB.mth,9771.03,9848.779,10.121,8.619,9620.055,9457.302,9577.867,9.967,9.65,10.203,10.322,9.574,9.421,9.805,9.575,9.99,10.626,9.788,10.135,9.168,9.458,9.699,9.853,9.616,9.716,9.479,10.556,9.408,,,10.147,9.797,89.10%,94.90%,91.50%,96.70%,91.60%,94.80%,94.40%,10.094,10.142,,10.426,9.776
8,STD 12.5,R,5/16/2023 13:03,,C:\Users\Public\Documents\PerkinElmer Syngistix\ICPMS\DataSet\230515_BAMRAB\STD 12.5.218,C:\Users\Public\Documents\PerkinElmer Syngistix\ICPMS\Method\EBL Methods\230515_UCFR_5% _BAMRAB.mth,12316.504,12307.178,12.46,13.228,12452.227,12729.835,12578.06,12.781,12.693,12.079,12.394,12.253,12.66,12.814,12.545,12.801,12.342,11.734,12.764,12.36,11.854,12.616,11.598,13.002,12.721,12.62,13.159,12.148,,,12.017,12.489,90.80%,93.70%,87.80%,101.30%,87.50%,94.50%,96.20%,12.053,12.246,,12.338,12.733
9,STD 25,R,5/16/2023 13:08,,C:\Users\Public\Documents\PerkinElmer Syngistix\ICPMS\DataSet\230515_BAMRAB\STD 25.219,C:\Users\Public\Documents\PerkinElmer Syngistix\ICPMS\Method\EBL Methods\230515_UCFR_5% _BAMRAB.mth,24674.732,24851.439,23.995,25.725,25112.245,24966.901,24969.711,25.79,24.815,24.01,24.926,25.62,24.535,25.005,24.956,25.353,24.408,23.552,25.151,23.465,24.969,26.039,23.785,27.144,26.42,26.062,25.967,24.765,,,24.367,25.849,88.50%,90.60%,86.00%,98.60%,86.20%,91.20%,90.00%,23.949,23.746,,24.275,24.379
10,STD 50,R,5/16/2023 13:14,,C:\Users\Public\Documents\PerkinElmer Syngistix\ICPMS\DataSet\230515_BAMRAB\STD 50.220,C:\Users\Public\Documents\PerkinElmer Syngistix\ICPMS\Method\EBL Methods\230515_UCFR_5% _BAMRAB.mth,53128.713,51291.536,49.002,49.805,50983.251,52976.004,52100.78,53.869,53.189,48.823,48.379,53.126,50.311,51.659,50.281,51.739,48.096,47.305,50.446,46.159,50.275,52.079,46.254,53.994,54.247,53.295,52.136,51.262,,,50.152,52.89,87.90%,86.80%,82.70%,94.60%,82.50%,88.50%,85.30%,48.102,48.185,,46.912,48.049
11,STD 100,R,5/16/2023 13:20,,C:\Users\Public\Documents\PerkinElmer Syngistix\ICPMS\DataSet\230515_BAMRAB\STD 100.221,C:\Users\Public\Documents\PerkinElmer Syngistix\ICPMS\Method\EBL Methods\230515_UCFR_5% _BAMRAB.mth,109259.407,107916.919,105.074,99.119,112794.906,115002.571,114539.773,115.524,112.116,100.405,99.425,106.444,106.02,108.117,101.703,106.983,96.217,92.889,106.093,92.964,96.676,99.898,97.129,109.496,104.554,103.075,110.061,100.422,,,106.335,104.03,78.20%,83.20%,75.30%,86.60%,88.00%,80.70%,81.30%,96.755,95.873,,95.8,78.965
12,STD 200.4,R,5/16/2023 13:26,,C:\Users\Public\Documents\PerkinElmer Syngistix\ICPMS\DataSet\230515_BAMRAB\STD 200.4.222,C:\Users\Public\Documents\PerkinElmer Syngistix\ICPMS\Method\EBL Methods\230515_UCFR_5% _BAMRAB.mth,242325.248,240981.287,239.512,409.562,256266.134,263474.466,250597.57,0.19,0.343,0.309,206.027,1.529,236.909,0.116,0.973,-0.118,0.107,0.887,0.201,0.068,0.303,0.043,0.627,0.098,0.076,0.084,1.223,0.072,,,0.652,0.129,64.10%,67.30%,63.70%,72.90%,64.60%,67.80%,65.40%,0.011,0.016,,0.078,0.047
13,Calibration Curves,R,5/16/2023 13:26,,,,,,,,,,,,,,,,,,,,,,,,,,,,,,,,,,,,,,,,,,,,,,,
14,LBLANK,R,5/16/2023 13:31,Failed,C:\Users\Public\Documents\PerkinElmer Syngistix\ICPMS\DataSet\230515_BAMRAB\LBLANK.223,C:\Users\Public\Documents\PerkinElmer Syngistix\ICPMS\Method\EBL Methods\230515_UCFR_5% _BAMRAB.mth,55.089,-1.895,-0.05,-0.013,286.225,41.414,43.001,-0.001,0.001,0.16,266.893,0,-0.029,-0.039,0.131,-0.165,-0.199,-0.136,0.014,-0.002,0.268,0.007,0.127,0.004,-0.006,0.005,0.107,0.019,,,0.086,-0.002,98.20%,103.10%,95.60%,35.80%,102.90%,101.90%,103.90%,0,0.001,,0,-0.028
15,LBLANK,R,5/16/2023 13:38,Failed,C:\Users\Public\Documents\PerkinElmer Syngistix\ICPMS\DataSet\230515_BAMRAB\LBLANK.224,C:\Users\Public\Documents\PerkinElmer Syngistix\ICPMS\Method\EBL Methods\230515_UCFR_5% _BAMRAB.mth,43.066,-9.022,-0.098,-0.08,438.9,43.243,43.309,-0.002,0,0,-0.241,0,-0.041,-0.04,0.123,-0.171,-0.222,-0.164,0.012,-0.003,0.267,0.007,0.157,0.01,-0.002,0.007,0.047,0.014,,,0.032,-0.004,101.60%,103.30%,92.40%,112.70%,101.30%,104.00%,100.90%,-0.001,0.002,,0,-0.028
16,ICV PE,R,5/16/2023 13:43,Failed,C:\Users\Public\Documents\PerkinElmer Syngistix\ICPMS\DataSet\230515_BAMRAB\ICV PE.225,C:\Users\Public\Documents\PerkinElmer Syngistix\ICPMS\Method\EBL Methods\230515_UCFR_5% _BAMRAB.mth,10277.101,10448.004,9.599,0.088,9961.463,10376.158,10064.055,9.845,9.933,11.268,11.579,10.507,9.757,10.068,10.344,10.321,11.674,10.769,9.769,7.76,9.949,9.994,6.104,9.98,10.5,10.11,10.06,10.066,,,11.464,10.28,95.20%,95.30%,91.00%,92.20%,93.40%,96.10%,92.70%,11.403,11.438,,9.689,10.07
17,ICV PE,R,5/16/2023 13:50,Failed,C:\Users\Public\Documents\PerkinElmer Syngistix\ICPMS\DataSet\230515_BAMRAB\ICV PE.226,C:\Users\Public\Documents\PerkinElmer Syngistix\ICPMS\Method\EBL Methods\230515_UCFR_5% _BAMRAB.mth,10017.72,10226.18,8.878,-0.048,9168.054,10080.21,9676.37,9.721,9.769,8.406,7.822,5.614,9.708,9.996,9.847,10.072,8.895,8.298,9.863,7.593,9.996,8.471,6.181,5.546,5.237,5.369,10.443,5.378,,,9.654,8.41,95.60%,87.60%,95.80%,87.60%,68.80%,107.30%,71.90%,10.251,10.298,,9.888,12.677
18,CCV 1ppb,R,5/16/2023 13:55,Failed,C:\Users\Public\Documents\PerkinElmer Syngistix\ICPMS\DataSet\230515_BAMRAB\CCV 1ppb.227,C:\Users\Public\Documents\PerkinElmer Syngistix\ICPMS\Method\EBL Methods\230515_UCFR_5% _BAMRAB.mth,1043.076,1069.948,1.069,0.847,1204.822,989.995,1032.654,0.977,1.048,1.008,0.807,1.046,0.897,0.994,1.093,0.933,0.862,0.819,1,0.867,1.234,0.989,1.055,1.006,1.015,1.031,1.087,1.054,,,1.029,1.052,101.70%,102.10%,98.20%,109.40%,101.20%,99.10%,97.90%,0.988,1.01,,0.993,1.004
19,CCV 1ppb,R,5/16/2023 14:02,Failed,C:\Users\Public\Documents\PerkinElmer Syngistix\ICPMS\DataSet\230515_BAMRAB\CCV 1ppb.228,C:\Users\Public\Documents\PerkinElmer Syngistix\ICPMS\Method\EBL Methods\230515_UCFR_5% _BAMRAB.mth,1035.44,995.923,0.911,0.811,1311.627,1005.918,1005.866,1.01,0.961,0.998,0.768,1.068,0.874,0.987,1.068,0.889,0.863,0.838,1.051,1.038,1.255,1.035,1.138,1.13,1.018,0.992,1.093,0.984,,,1.015,1.058,93.50%,97.50%,100.00%,106.50%,93.30%,97.50%,95.20%,0.998,1.006,,1.035,1.051
20,LFB,R,5/16/2023 14:07,Failed,C:\Users\Public\Documents\PerkinElmer Syngistix\ICPMS\DataSet\230515_BAMRAB\LFB.229,C:\Users\Public\Documents\PerkinElmer Syngistix\ICPMS\Method\EBL Methods\230515_UCFR_5% _BAMRAB.mth,2403.606,2391.552,6.409,2.29,2539.661,2259.063,2281.608,2.401,2.323,2.334,2.215,2.562,2.202,2.435,2.455,2.374,2.3,2.234,2.48,2.196,2.667,2.546,2.302,2.437,2.607,2.542,2.682,2.52,,,2.418,2.59,92.70%,94.20%,96.70%,104.90%,88.40%,100.60%,94.00%,2.47,2.43,,2.51,2.636
21,UF1,R,5/15/2023 23:32,Passed,C:\Users\Public\Documents\PerkinElmer Syngistix\ICPMS\DataSet\230515_BAMRAB\UF1.080,C:\Users\Public\Documents\PerkinElmer Syngistix\ICPMS\Method\EBL Methods\230515_UCFR_5% _BAMRAB.mth,7983.49,6012.649,5.945,21.786,16973.086,1805.396,31550.625,0.364,0.056,0.05,0.371,20.072,0.744,-0.012,0.307,3.452,3.34,1.816,4.978,3.886,5.155,5.07,0.221,0.052,0.035,0.053,0.354,0.061,,,11.606,12.06,102.80%,109.50%,96.50%,113.50%,101.50%,111.80%,107.00%,0.009,0.011,,0.026,0
22,UF6,R,5/15/2023 23:37,Passed,C:\Users\Public\Documents\PerkinElmer Syngistix\ICPMS\DataSet\230515_BAMRAB\UF6.081,C:\Users\Public\Documents\PerkinElmer Syngistix\ICPMS\Method\EBL Methods\230515_UCFR_5% _BAMRAB.mth,8889.297,6017.619,1.022,11.505,12404.968,1813.289,28846.647,0.725,0.059,0.052,0.227,16.461,0.606,-0.018,0.177,1.353,1.304,1.242,6.085,4.753,5.497,5.343,0.319,0.054,0.073,0.084,0.489,0.066,,,5.977,5.849,97.40%,115.90%,96.80%,115.90%,103.10%,115.00%,111.40%,0.016,0.017,,0.131,0.1
23,UF6 DUP,R,5/15/2023 23:43,Passed,C:\Users\Public\Documents\PerkinElmer Syngistix\ICPMS\DataSet\230515_BAMRAB\UF6 DUP.082,C:\Users\Public\Documents\PerkinElmer Syngistix\ICPMS\Method\EBL Methods\230515_UCFR_5% _BAMRAB.mth,9329.59,6413.819,0.946,4.613,12894.245,1806.068,30460.954,0.709,0.07,0.063,0.433,17.119,0.827,-0.017,0.176,1.344,1.393,1.494,5.585,4.623,6.105,5.606,0.212,0.066,0.088,0.072,0.433,0.131,,,6.495,6.085,104.00%,112.00%,93.70%,108.10%,101.40%,113.00%,101.30%,0.016,0.018,,0.129,0.11
24,UF6 DUP LD,R,5/15/2023 23:49,Failed,C:\Users\Public\Documents\PerkinElmer Syngistix\ICPMS\DataSet\230515_BAMRAB\UF6 DUP LD.083,C:\Users\Public\Documents\PerkinElmer Syngistix\ICPMS\Method\EBL Methods\230515_UCFR_5% _BAMRAB.mth,9139.889,6167.268,1.96,4.81,12246.105,1767.06,29868.412,0.753,0.064,0.06,0.47,19.281,0.989,-0.015,0.198,1.401,1.292,1.455,5.606,4.947,6.233,6.165,0.12,0.088,0.086,0.093,0.398,0.096,,,6.047,6.862,104.60%,103.20%,94.60%,114.00%,101.40%,113.30%,100.50%,0.017,0.016,,0.135,0.121
25,UF6 DUP LD,R,5/15/2023 23:55,Failed,C:\Users\Public\Documents\PerkinElmer Syngistix\ICPMS\DataSet\230515_BAMRAB\UF6 DUP LD.084,C:\Users\Public\Documents\PerkinElmer Syngistix\ICPMS\Method\EBL Methods\230515_UCFR_5% _BAMRAB.mth,8624.268,5682.757,2.014,4.72,11728.872,1701.063,28807.793,0.699,0.069,0.059,0.474,17.117,0.782,-0.018,0.164,1.268,1.287,1.448,5.535,4.464,5.871,5.613,0.222,0.083,0.064,0.078,0.339,0.111,,,6.042,6.162,104.30%,110.70%,99.10%,113.40%,102.10%,112.10%,104.50%,0.016,0.017,,0.136,0.119
26,UF6 DUP LSP,R,5/16/2023 0:01,Failed,C:\Users\Public\Documents\PerkinElmer Syngistix\ICPMS\DataSet\230515_BAMRAB\UF6 DUP LSP.085,C:\Users\Public\Documents\PerkinElmer Syngistix\ICPMS\Method\EBL Methods\230515_UCFR_5% _BAMRAB.mth,11280.98,8553.177,4.025,7.553,14214.379,4138.217,31329.771,3.187,2.41,2.266,2.684,19.135,3.156,2.355,2.509,3.69,3.587,3.483,7.779,6.531,8.212,7.788,2.42,2.673,2.539,2.444,3.174,2.442,,,8.281,8.619,102.20%,110.10%,95.80%,114.40%,91.70%,111.40%,101.70%,2.396,2.383,,2.661,3.069
27,UF6 DUP LSP,R,5/16/2023 0:07,Failed,C:\Users\Public\Documents\PerkinElmer Syngistix\ICPMS\DataSet\230515_BAMRAB\UF6 DUP LSP.086,C:\Users\Public\Documents\PerkinElmer Syngistix\ICPMS\Method\EBL Methods\230515_UCFR_5% _BAMRAB.mth,11340.435,8390.553,4.677,7.741,14066.2,4353.782,31476.239,3.107,2.442,2.229,2.748,19.093,3.162,2.323,2.579,3.752,3.561,3.495,7.826,6.571,7.78,7.721,2.375,2.522,2.485,2.568,2.947,2.487,,,8.317,8.463,103.80%,112.10%,97.00%,115.10%,102.50%,113.20%,108.50%,2.413,2.393,,2.636,2.741
28,LFB,R,5/16/2023 0:13,Failed,C:\Users\Public\Documents\PerkinElmer Syngistix\ICPMS\DataSet\230515_BAMRAB\LFB.087,C:\Users\Public\Documents\PerkinElmer Syngistix\ICPMS\Method\EBL Methods\230515_UCFR_5% _BAMRAB.mth,2563.014,2737.675,6.917,2.516,2618.983,2636.479,2319.019,2.466,2.449,2.176,1.996,2.384,2.261,2.524,2.591,2.408,2.195,2.11,2.367,2.337,2.663,2.383,2.08,2.542,2.368,2.468,2.454,2.571,,,2.34,2.41,106.00%,113.20%,93.20%,119.20%,101.30%,113.50%,106.00%,2.42,2.444,,2.551,2.72
29,UF8,R,5/16/2023 0:18,Passed,C:\Users\Public\Documents\PerkinElmer Syngistix\ICPMS\DataSet\230515_BAMRAB\UF8.088,C:\Users\Public\Documents\PerkinElmer Syngistix\ICPMS\Method\EBL Methods\230515_UCFR_5% _BAMRAB.mth,9903.334,6696.448,1.022,8.795,10639.541,1918.806,29118.253,0.972,0.696,0.629,6.012,20.076,6.811,-0.013,0.188,1.755,1.639,1.246,6.409,5.382,6.33,6.324,0.228,0.088,0.082,0.082,0.484,0.077,,,4.602,4.695,102.80%,111.00%,93.20%,114.40%,99.40%,111.30%,109.10%,0.017,0.018,,0.073,0.049
30,LBLANK,R,5/16/2023 0:24,Failed,C:\Users\Public\Documents\PerkinElmer Syngistix\ICPMS\DataSet\230515_BAMRAB\LBLANK.089,C:\Users\Public\Documents\PerkinElmer Syngistix\ICPMS\Method\EBL Methods\230515_UCFR_5% _BAMRAB.mth,41.526,-10.133,-0.082,0.079,338.56,22.869,45.437,0,0.002,-0.001,-0.238,0.001,-0.1,-0.039,0.011,-0.169,-0.221,-0.156,0.035,0.004,0.273,0.012,0.106,0.004,0.005,0.013,0.067,0.014,,,0.002,-0.005,106.80%,116.50%,94.70%,120.70%,107.10%,116.10%,106.60%,-0.001,0.001,,0,-0.027
31,CCV 1ppb,R,5/16/2023 0:30,Failed,C:\Users\Public\Documents\PerkinElmer Syngistix\ICPMS\DataSet\230515_BAMRAB\CCV 1ppb.090,C:\Users\Public\Documents\PerkinElmer Syngistix\ICPMS\Method\EBL Methods\230515_UCFR_5% _BAMRAB.mth,942.44,966.028,0.654,0.885,887.348,994.124,855.876,0.858,0.893,0.883,0.703,0.954,0.717,0.908,0.911,0.795,0.757,0.769,0.904,0.665,1.215,0.924,0.773,0.958,0.925,0.929,1.128,0.885,,,0.942,0.983,106.70%,113.80%,102.50%,118.20%,105.10%,114.10%,104.00%,0.971,0.961,,1.045,1.056
32,CCV 1ppb,R,5/16/2023 0:36,Failed,C:\Users\Public\Documents\PerkinElmer Syngistix\ICPMS\DataSet\230515_BAMRAB\CCV 1ppb.091,C:\Users\Public\Documents\PerkinElmer Syngistix\ICPMS\Method\EBL Methods\230515_UCFR_5% _BAMRAB.mth,996.127,1041.905,0.815,0.841,1180.743,1034.671,892.522,0.939,0.94,0.892,0.706,0.945,0.838,0.964,0.901,0.806,0.764,0.759,0.973,1.018,1.17,0.922,0.74,0.899,0.991,0.945,1.002,0.832,,,0.942,0.976,105.40%,113.70%,100.10%,119.80%,93.50%,116.80%,108.60%,0.988,0.952,,1.042,1.282
33,CCV 10 ppb,R,5/16/2023 0:42,Failed,C:\Users\Public\Documents\PerkinElmer Syngistix\ICPMS\DataSet\230515_BAMRAB\CCV 10 ppb.092,C:\Users\Public\Documents\PerkinElmer Syngistix\ICPMS\Method\EBL Methods\230515_UCFR_5% _BAMRAB.mth,9175.584,9361.414,8.667,8.284,8994.864,9461.638,8833.598,9.049,8.964,8.747,8.87,9.458,8.682,9.116,8.779,8.969,9.34,8.708,9.437,8.605,9.868,9.478,8.8,9.913,9.546,9.713,9.96,9.747,,,9.603,9.833,99.00%,107.70%,100.20%,112.70%,98.60%,109.90%,100.40%,9.665,9.692,,10.301,10.355
34,CCV 10 ppb,R,5/16/2023 0:48,Failed,C:\Users\Public\Documents\PerkinElmer Syngistix\ICPMS\DataSet\230515_BAMRAB\CCV 10 ppb.093,C:\Users\Public\Documents\PerkinElmer Syngistix\ICPMS\Method\EBL Methods\230515_UCFR_5% _BAMRAB.mth,9506.749,9742.244,8.92,8.435,8717.97,9578.673,8891.874,9.214,9.087,8.69,8.886,9.385,8.742,9.29,9.254,9.166,9.227,8.783,9.372,8.594,9.738,9.425,8.742,9.788,9.691,9.587,10.071,9.417,,,9.531,9.742,100.60%,110.00%,98.90%,113.50%,99.70%,108.70%,103.20%,9.697,9.662,,10.171,10.303
35,UF9,R,5/16/2023 0:54,Passed,C:\Users\Public\Documents\PerkinElmer Syngistix\ICPMS\DataSet\230515_BAMRAB\UF9.094,C:\Users\Public\Documents\PerkinElmer Syngistix\ICPMS\Method\EBL Methods\230515_UCFR_5% _BAMRAB.mth,7668.558,6152.486,0.807,9.556,7971.118,1611.985,25959.25,0.804,0.059,0.051,0.259,8.597,0.668,-0.022,0.135,1.318,1.2,0.778,4.825,3.908,5.072,4.775,0.221,0.071,0.07,0.078,0.412,0.043,,,2.928,2.955,102.90%,112.40%,94.80%,115.60%,103.00%,113.40%,105.20%,0.012,0.013,,0.2,0.189
36,UF10,R,5/16/2023 1:00,Passed,C:\Users\Public\Documents\PerkinElmer Syngistix\ICPMS\DataSet\230515_BAMRAB\UF10.095,C:\Users\Public\Documents\PerkinElmer Syngistix\ICPMS\Method\EBL Methods\230515_UCFR_5% _BAMRAB.mth,7350.009,7754.32,1.06,7.643,11874.569,1883.444,30846.511,0.888,0.051,0.043,0.063,5.188,0.491,-0.024,0.147,1.37,1.297,0.75,5.26,4.115,5.224,5.261,0.25,0.1,0.086,0.094,0.475,0.092,,,2.275,2.412,103.40%,108.30%,94.80%,114.10%,100.70%,111.90%,108.20%,0.014,0.015,,0.131,0.118
37,UF10 SPIKE,R,5/16/2023 1:05,Passed,C:\Users\Public\Documents\PerkinElmer Syngistix\ICPMS\DataSet\230515_BAMRAB\UF10 SPIKE.096,C:\Users\Public\Documents\PerkinElmer Syngistix\ICPMS\Method\EBL Methods\230515_UCFR_5% _BAMRAB.mth,12454.798,12806.15,5.873,12.069,16131.651,7083.253,35660.994,5.695,4.868,4.505,4.796,9.974,5.193,4.854,4.957,6.064,5.871,5.001,9.769,8.78,9.848,9.866,4.747,5.295,5.035,4.935,5.646,4.729,,,7.145,7.327,101.80%,109.50%,96.30%,114.20%,99.40%,110.20%,106.30%,4.774,4.803,,5.183,5.493
38,UF10 SPIKE,R,5/16/2023 1:11,Failed,C:\Users\Public\Documents\PerkinElmer Syngistix\ICPMS\DataSet\230515_BAMRAB\UF10 SPIKE.097,C:\Users\Public\Documents\PerkinElmer Syngistix\ICPMS\Method\EBL Methods\230515_UCFR_5% _BAMRAB.mth,12913.486,13373.689,5.538,12.057,16978.707,7356.549,37519.165,5.911,5.08,4.595,4.882,10.044,5.662,5.055,5.004,6.465,5.903,5.097,9.869,8.536,9.727,9.935,4.395,5.036,4.847,4.982,5.725,4.805,,,7.261,7.399,102.90%,109.20%,93.10%,113.30%,99.60%,110.80%,108.00%,4.829,4.831,,5.076,5.479
39,UF11,R,5/16/2023 1:17,Passed,C:\Users\Public\Documents\PerkinElmer Syngistix\ICPMS\DataSet\230515_BAMRAB\UF11.098,C:\Users\Public\Documents\PerkinElmer Syngistix\ICPMS\Method\EBL Methods\230515_UCFR_5% _BAMRAB.mth,7041.664,7714.155,1.071,5.454,12096.87,1858.859,30245.692,0.847,0.064,0.055,0.74,1.6,1.083,-0.03,0.136,1.619,1.549,0.628,5.897,3.956,5.161,5.114,0.358,0.071,0.063,0.094,0.457,0.116,,,2.439,2.482,92.70%,110.70%,97.80%,114.30%,102.00%,114.70%,109.00%,0.013,0.013,,0.17,0.129
40,F1,R,5/16/2023 1:23,Passed,C:\Users\Public\Documents\PerkinElmer Syngistix\ICPMS\DataSet\230515_BAMRAB\F1.099,C:\Users\Public\Documents\PerkinElmer Syngistix\ICPMS\Method\EBL Methods\230515_UCFR_5% _BAMRAB.mth,6371.583,5218.057,5.822,11.946,16743.132,1639.054,28058.381,0.29,0.077,0.081,7.166,19.107,7.576,-0.007,0.344,1.008,0.963,0.838,4.854,3.933,5.14,4.904,0.258,0.052,0.067,0.066,0.374,0.053,,,11.332,11.675,102.40%,109.80%,98.30%,115.10%,102.20%,111.20%,104.20%,0.009,0.012,,0.054,0.03
41,F6,R,5/16/2023 1:28,Passed,C:\Users\Public\Documents\PerkinElmer Syngistix\ICPMS\DataSet\230515_BAMRAB\F6.100,C:\Users\Public\Documents\PerkinElmer Syngistix\ICPMS\Method\EBL Methods\230515_UCFR_5% _BAMRAB.mth,7562.826,5778.561,3.698,3.271,11898.998,1713.502,28600.593,0.674,0.049,0.052,6.563,18.253,6.706,-0.015,0.184,2.812,2.802,3.684,6.119,4.709,6.029,5.991,0.211,0.068,0.1,0.087,0.469,0.07,,,6.521,6.651,100.50%,109.30%,100.60%,113.20%,113.40%,111.40%,107.10%,0.017,0.019,,0.299,0.257
42,F8,R,5/16/2023 1:34,Passed,C:\Users\Public\Documents\PerkinElmer Syngistix\ICPMS\DataSet\230515_BAMRAB\F8.101,C:\Users\Public\Documents\PerkinElmer Syngistix\ICPMS\Method\EBL Methods\230515_UCFR_5% _BAMRAB.mth,8546.449,6466.05,4.459,15.851,10553.366,1870.339,28129.355,0.95,0.051,0.049,7.863,20.823,8.415,-0.01,0.155,3.289,3.313,2.11,6.63,5.452,6.735,6.554,0.188,0.057,0.089,0.096,0.427,0.073,,,4.83,4.861,102.60%,110.30%,96.80%,113.40%,101.80%,111.90%,105.20%,0.02,0.02,,0.365,0.366
43,F8 SPIKE,R,5/16/2023 1:40,Failed,C:\Users\Public\Documents\PerkinElmer Syngistix\ICPMS\DataSet\230515_BAMRAB\F8 SPIKE.102,C:\Users\Public\Documents\PerkinElmer Syngistix\ICPMS\Method\EBL Methods\230515_UCFR_5% _BAMRAB.mth,14464.245,12443.554,9.347,21.701,16352.59,7386.652,35477.409,6.265,5.269,4.495,12.51,25.374,14.164,5.257,5.351,8.807,7.809,6.412,11.244,11.06,11.132,11.166,4.534,4.855,4.907,4.861,5.629,4.714,,,9.501,9.804,99.70%,107.30%,88.70%,113.30%,98.80%,109.40%,104.10%,4.791,4.82,,5.232,5.521
44,F8 SPIKE,R,5/16/2023 1:46,Failed,C:\Users\Public\Documents\PerkinElmer Syngistix\ICPMS\DataSet\230515_BAMRAB\F8 SPIKE.103,C:\Users\Public\Documents\PerkinElmer Syngistix\ICPMS\Method\EBL Methods\230515_UCFR_5% _BAMRAB.mth,14332.23,12194.24,8.901,20.775,15627.559,7268.7,35460.363,6.281,5.232,4.506,12.534,25.992,14.161,5.115,5.21,8.769,7.773,6.522,11.238,9.94,11.128,11.205,4.605,5.156,4.983,4.899,5.228,4.9,,,9.526,9.851,100.30%,107.90%,90.20%,113.80%,99.10%,114.80%,104.90%,4.813,4.785,,5.228,5.539
45,LBLANK,R,5/16/2023 1:52,Failed,C:\Users\Public\Documents\PerkinElmer Syngistix\ICPMS\DataSet\230515_BAMRAB\LBLANK.104,C:\Users\Public\Documents\PerkinElmer Syngistix\ICPMS\Method\EBL Methods\230515_UCFR_5% _BAMRAB.mth,40.701,-9.215,-0.051,0.701,16.235,28.484,45.356,0.001,0,0.001,-0.241,0.002,-0.128,-0.039,0.004,-0.169,-0.222,-0.159,0.014,0.017,0.268,0.008,0.076,0.009,0,0.007,0.08,0.01,,,0.002,-0.004,106.20%,115.60%,98.50%,122.00%,108.40%,117.80%,109.40%,0,0.001,,0,-0.027
46,CCV 1ppb,R,5/16/2023 1:57,Failed,C:\Users\Public\Documents\PerkinElmer Syngistix\ICPMS\DataSet\230515_BAMRAB\CCV 1ppb.105,C:\Users\Public\Documents\PerkinElmer Syngistix\ICPMS\Method\EBL Methods\230515_UCFR_5% _BAMRAB.mth,1039.863,996.408,1.038,1.037,1263.32,1084.895,918.618,0.934,0.963,0.889,0.721,0.971,0.849,0.969,0.907,0.861,0.772,0.746,0.899,0.832,1.225,0.949,0.767,0.937,0.98,0.966,0.964,0.943,,,0.963,0.981,109.10%,113.10%,99.20%,119.00%,117.80%,114.20%,104.90%,0.99,0.97,,1.022,0.949
47,CCV 1ppb,R,5/16/2023 2:04,Failed,C:\Users\Public\Documents\PerkinElmer Syngistix\ICPMS\DataSet\230515_BAMRAB\CCV 1ppb.106,C:\Users\Public\Documents\PerkinElmer Syngistix\ICPMS\Method\EBL Methods\230515_UCFR_5% _BAMRAB.mth,1041.053,1059.782,0.921,0.76,1272.268,1036.776,956.058,0.928,0.966,0.881,0.7,0.965,0.806,0.931,0.921,0.862,0.77,0.731,0.99,0.893,1.171,0.913,0.949,1.026,0.909,0.909,0.981,0.975,,,0.95,0.969,107.50%,118.10%,103.40%,124.10%,109.50%,134.30%,111.80%,0.957,0.943,,1.01,1.038
48,CCV 10 ppb,R,5/16/2023 2:09,Failed,C:\Users\Public\Documents\PerkinElmer Syngistix\ICPMS\DataSet\230515_BAMRAB\CCV 10 ppb.107,C:\Users\Public\Documents\PerkinElmer Syngistix\ICPMS\Method\EBL Methods\230515_UCFR_5% _BAMRAB.mth,9903.415,9854.96,9.796,8.553,8998.574,9751.098,9181.118,9.624,9.472,8.689,8.753,9.521,9.262,9.699,9.307,9.561,9.034,8.712,10.104,8.887,9.61,9.67,9.891,9.928,9.639,9.557,10.804,9.402,,,9.461,9.787,94.40%,106.90%,95.30%,113.50%,97.30%,108.80%,104.30%,9.67,9.557,,10.948,10.398
49,CCV 10 ppb,R,5/16/2023 2:16,Failed,C:\Users\Public\Documents\PerkinElmer Syngistix\ICPMS\DataSet\230515_BAMRAB\CCV 10 ppb.108,C:\Users\Public\Documents\PerkinElmer Syngistix\ICPMS\Method\EBL Methods\230515_UCFR_5% _BAMRAB.mth,9349.736,9585.371,8.72,8.47,8747.336,9487.963,8366.259,9.033,9.015,8.927,8.973,8.808,8.894,9.145,8.956,9.03,9.188,8.876,9.251,8.474,9.045,8.79,8.359,9.197,8.785,8.855,9.791,9.221,,,9.657,9.027,104.20%,117.80%,101.60%,113.10%,99.00%,107.70%,111.60%,9.757,9.704,,9.499,10.242
50,F9,R,5/16/2023 2:21,Passed,C:\Users\Public\Documents\PerkinElmer Syngistix\ICPMS\DataSet\230515_BAMRAB\F9.109,C:\Users\Public\Documents\PerkinElmer Syngistix\ICPMS\Method\EBL Methods\230515_UCFR_5% _BAMRAB.mth,6679.46,5930.427,8.47,16.004,8388.211,1529.033,27234.823,0.82,0.057,0.051,6.53,9.32,7.116,-0.009,0.167,2.971,2.757,1.407,5.24,4.216,5.216,5.118,0.317,0.098,0.069,0.077,0.345,0.069,,,3.192,3.161,102.80%,111.10%,97.10%,113.90%,101.70%,112.30%,108.30%,0.015,0.017,,0.63,0.638
51,F10,R,5/16/2023 2:27,Passed,C:\Users\Public\Documents\PerkinElmer Syngistix\ICPMS\DataSet\230515_BAMRAB\F10.110,C:\Users\Public\Documents\PerkinElmer Syngistix\ICPMS\Method\EBL Methods\230515_UCFR_5% _BAMRAB.mth,6566.615,7923.641,5.054,16.117,12437.094,1935.716,32660.026,0.835,0.056,0.082,6.201,5.899,5.425,-0.021,0.174,2.916,3.531,1.569,5.648,4.672,5.529,5.584,0.252,0.117,0.082,0.105,0.515,0.088,,,3.068,2.518,99.70%,107.40%,95.70%,96.40%,98.90%,110.60%,107.40%,0.018,0.016,,0.388,0.386
52,F10 DUP,R,5/16/2023 2:33,Failed,C:\Users\Public\Documents\PerkinElmer Syngistix\ICPMS\DataSet\230515_BAMRAB\F10 DUP.111,C:\Users\Public\Documents\PerkinElmer Syngistix\ICPMS\Method\EBL Methods\230515_UCFR_5% _BAMRAB.mth,6404.725,7534.451,3.759,16.088,11363.016,1888.27,31499.842,0.855,0.048,0.043,4.111,5.684,4.626,-0.022,0.162,2.784,2.697,1.184,5.403,4.143,5.319,5.356,0.215,0.151,0.077,0.091,0.414,0.095,,,2.408,2.45,102.30%,109.90%,96.50%,114.20%,103.70%,108.90%,109.70%,0.015,0.015,,0.224,0.215
53,F10 DUP,R,5/16/2023 2:39,Failed,C:\Users\Public\Documents\PerkinElmer Syngistix\ICPMS\DataSet\230515_BAMRAB\F10 DUP.112,C:\Users\Public\Documents\PerkinElmer Syngistix\ICPMS\Method\EBL Methods\230515_UCFR_5% _BAMRAB.mth,6271.313,7657.759,3.399,15.99,11432.495,1837.832,30561.834,0.797,0.039,0.044,4.14,5.662,4.493,-0.021,0.139,2.735,2.726,1.189,5.533,4.36,5.307,5.348,0.282,0.136,0.101,0.108,0.495,0.108,,,2.44,2.498,103.00%,109.80%,98.70%,114.80%,104.30%,109.90%,110.00%,0.014,0.014,,0.231,0.207
54,F11 ,R,5/16/2023 2:45,Passed,C:\Users\Public\Documents\PerkinElmer Syngistix\ICPMS\DataSet\230515_BAMRAB\F11 .113,C:\Users\Public\Documents\PerkinElmer Syngistix\ICPMS\Method\EBL Methods\230515_UCFR_5% _BAMRAB.mth,6322.236,7952.359,3.626,13.287,12475.377,1845.394,30644.722,0.835,0.051,0.051,3.463,1.962,3.914,-0.025,0.143,2.877,2.77,0.999,5.344,4.403,5.311,5.397,0.202,0.095,0.078,0.096,0.463,0.105,,,2.558,2.559,100.70%,108.00%,95.20%,110.80%,100.60%,110.20%,108.80%,0.012,0.014,,0.221,0.209
55,F11 DUP,R,5/16/2023 2:51,Failed,C:\Users\Public\Documents\PerkinElmer Syngistix\ICPMS\DataSet\230515_BAMRAB\F11 DUP.114,C:\Users\Public\Documents\PerkinElmer Syngistix\ICPMS\Method\EBL Methods\230515_UCFR_5% _BAMRAB.mth,6391.954,8159.561,4.284,14.059,12784.221,1839.877,31945.56,0.825,0.047,0.048,4.36,2.188,4.892,-0.026,0.173,7.38,7.028,2.905,5.392,4.412,5.338,5.29,0.256,0.149,0.09,0.096,0.436,0.085,,,2.525,2.534,102.30%,111.10%,94.40%,113.20%,100.10%,111.60%,109.10%,0.011,0.013,,0.242,0.238
56,F11 DUP,R,5/16/2023 2:57,Failed,C:\Users\Public\Documents\PerkinElmer Syngistix\ICPMS\DataSet\230515_BAMRAB\F11 DUP.115,C:\Users\Public\Documents\PerkinElmer Syngistix\ICPMS\Method\EBL Methods\230515_UCFR_5% _BAMRAB.mth,6390.35,7842.445,4.282,13.475,12228.98,1834.2,30467.394,0.856,0.057,0.047,4.168,2.421,4.645,-0.027,0.137,7.093,6.994,2.91,5.111,4.277,5.855,5.83,0.175,0.067,0.09,0.09,0.308,0.111,,,2.581,2.843,108.00%,101.70%,97.50%,111.40%,100.20%,110.30%,99.90%,0.013,0.015,,0.225,0.233
57,DBLANK,R,5/16/2023 3:03,Passed,C:\Users\Public\Documents\PerkinElmer Syngistix\ICPMS\DataSet\230515_BAMRAB\DBLANK.116,C:\Users\Public\Documents\PerkinElmer Syngistix\ICPMS\Method\EBL Methods\230515_UCFR_5% _BAMRAB.mth,40.695,-10.133,0.411,7.514,133.303,27.277,42.937,-0.001,0.013,0.008,-0.197,0.004,-0.164,-0.04,0.004,-0.022,-0.063,-0.137,0.031,-0.009,0.265,0.004,0.092,0.009,0.002,0.009,0.119,0.018,,,0.002,-0.006,106.20%,112.30%,103.50%,121.10%,108.40%,114.60%,110.10%,-0.001,0.001,,0.014,-0.013
58,DBLANK,R,5/16/2023 3:08,Passed,C:\Users\Public\Documents\PerkinElmer Syngistix\ICPMS\DataSet\230515_BAMRAB\DBLANK.117,C:\Users\Public\Documents\PerkinElmer Syngistix\ICPMS\Method\EBL Methods\230515_UCFR_5% _BAMRAB.mth,41.355,-7.33,0.431,7.85,217.934,33.343,42.822,-0.002,0.013,0.006,0.231,0.002,0.314,-0.04,-0.005,0.007,-0.049,-0.132,0.024,0.003,0.264,0.004,0.032,0.004,-0.006,0.006,0.087,0.014,,,0.001,-0.006,104.60%,112.10%,102.70%,119.90%,106.80%,115.10%,105.60%,0,0.001,,0.014,-0.013
59,LFB,R,5/16/2023 3:14,Failed,C:\Users\Public\Documents\PerkinElmer Syngistix\ICPMS\DataSet\230515_BAMRAB\LFB.118,C:\Users\Public\Documents\PerkinElmer Syngistix\ICPMS\Method\EBL Methods\230515_UCFR_5% _BAMRAB.mth,2432.762,2590.099,6.593,3.885,2478.641,2498.144,2322.681,2.364,2.392,2.21,2.227,2.484,2.446,2.411,2.422,2.348,2.237,2.16,2.389,2.166,2.832,2.518,2.13,2.493,2.613,2.635,2.534,2.462,,,2.39,2.576,104.80%,105.50%,97.90%,116.10%,102.10%,111.20%,97.70%,2.467,2.427,,2.472,2.634
60,MFB,R,5/16/2023 3:20,Passed,C:\Users\Public\Documents\PerkinElmer Syngistix\ICPMS\DataSet\230515_BAMRAB\MFB.119,C:\Users\Public\Documents\PerkinElmer Syngistix\ICPMS\Method\EBL Methods\230515_UCFR_5% _BAMRAB.mth,5641.631,6333.854,6.901,12.331,4759.126,5152.196,5745.026,6.071,6.357,6.006,6.165,6.107,6.244,6.22,6.208,6.069,5.986,5.498,5.235,5.106,5.642,5.406,4.967,5.103,5.216,5.247,5.512,5.117,,,5.918,6.053,105.20%,113.50%,102.90%,118.00%,103.30%,112.90%,107.50%,5.998,5.975,,5.922,6.275
61,LBLANK,R,5/16/2023 3:26,Failed,C:\Users\Public\Documents\PerkinElmer Syngistix\ICPMS\DataSet\230515_BAMRAB\LBLANK.120,C:\Users\Public\Documents\PerkinElmer Syngistix\ICPMS\Method\EBL Methods\230515_UCFR_5% _BAMRAB.mth,40.653,-10.133,-0.056,1.314,187.972,37.746,43.162,-0.002,-0.001,0.001,-0.241,0,-0.12,-0.039,-0.001,-0.171,-0.222,-0.159,0.012,-0.003,0.265,0.005,0.058,0.01,-0.003,0.008,0.018,0.026,,,0.002,-0.005,103.50%,112.90%,101.60%,120.00%,107.00%,108.70%,111.50%,-0.001,0.001,,0,-0.027
62,CCV 1ppb,R,5/16/2023 3:31,Failed,C:\Users\Public\Documents\PerkinElmer Syngistix\ICPMS\DataSet\230515_BAMRAB\CCV 1ppb.121,C:\Users\Public\Documents\PerkinElmer Syngistix\ICPMS\Method\EBL Methods\230515_UCFR_5% _BAMRAB.mth,1029.948,1004.783,0.886,1.247,1085.55,1021.915,936.894,0.969,0.954,0.927,0.722,0.966,0.826,0.964,0.976,0.86,0.792,0.755,0.952,0.866,1.183,0.923,0.76,0.894,1.035,0.908,0.923,0.931,,,0.954,0.978,109.20%,111.60%,101.90%,118.00%,104.90%,113.90%,105.30%,0.968,0.969,,0.958,1.048
63,CCV 1ppb,R,5/16/2023 3:38,Failed,C:\Users\Public\Documents\PerkinElmer Syngistix\ICPMS\DataSet\230515_BAMRAB\CCV 1ppb.122,C:\Users\Public\Documents\PerkinElmer Syngistix\ICPMS\Method\EBL Methods\230515_UCFR_5% _BAMRAB.mth,1068.155,1086.313,0.959,1.093,1414.017,1035.732,1075.913,1.016,1.026,0.868,0.67,0.932,0.896,0.995,1.003,0.879,0.768,0.742,0.932,0.925,1.142,0.887,0.859,0.938,0.911,0.882,1.011,0.849,,,0.929,0.924,108.10%,116.60%,96.50%,123.30%,108.50%,111.20%,110.50%,0.94,0.955,,0.989,1.039
64,CCV 10 ppb,R,5/16/2023 3:43,Failed,C:\Users\Public\Documents\PerkinElmer Syngistix\ICPMS\DataSet\230515_BAMRAB\CCV 10 ppb.123,C:\Users\Public\Documents\PerkinElmer Syngistix\ICPMS\Method\EBL Methods\230515_UCFR_5% _BAMRAB.mth,9637.709,9894.174,9.091,8.57,8759.623,9671.801,8980.284,9.351,9.227,9.247,9.239,9.397,9.035,9.462,9.126,9.476,9.719,9.148,9.632,8.853,9.641,9.484,8.989,9.868,9.759,9.774,10.053,9.651,,,9.824,9.692,98.00%,105.80%,98.30%,109.50%,99.70%,107.10%,100.80%,9.929,9.935,,10.038,9.94
65,CCV 10 ppb,R,5/16/2023 3:50,Failed,C:\Users\Public\Documents\PerkinElmer Syngistix\ICPMS\DataSet\230515_BAMRAB\CCV 10 ppb.124,C:\Users\Public\Documents\PerkinElmer Syngistix\ICPMS\Method\EBL Methods\230515_UCFR_5% _BAMRAB.mth,9645.855,9770.85,9.063,8.526,9221.197,9945.289,9393.754,9.912,9.627,8.948,9.261,9.496,9.102,9.791,9.559,9.876,9.397,8.861,9.538,8.518,9.785,9.57,8.998,9.538,9.637,9.45,10.098,9.286,,,9.605,9.703,99.80%,106.60%,95.40%,112.30%,98.00%,108.50%,101.00%,9.711,9.709,,9.838,10.164
66,T-239,R,5/16/2023 3:55,Passed,C:\Users\Public\Documents\PerkinElmer Syngistix\ICPMS\DataSet\230515_BAMRAB\T-239.125,C:\Users\Public\Documents\PerkinElmer Syngistix\ICPMS\Method\EBL Methods\230515_UCFR_5% _BAMRAB.mth,51240.818,14442.155,121.44,12.932,849.473,4038.663,54100.178,2.1,1.555,1.575,48.652,4.23,47.148,1.537,1.831,0.704,0.762,6.499,2.579,2.083,2.781,2.513,4.61,1.887,1.978,1.918,2.316,2.03,,,1.214,1.212,94.10%,100.80%,92.60%,103.30%,94.80%,100.40%,95.20%,3.798,3.678,,1.277,1.367
67,W1,R,5/16/2023 4:01,Passed,C:\Users\Public\Documents\PerkinElmer Syngistix\ICPMS\DataSet\230515_BAMRAB\W1.126,C:\Users\Public\Documents\PerkinElmer Syngistix\ICPMS\Method\EBL Methods\230515_UCFR_5% _BAMRAB.mth,1176.062,952.03,6.943,5.696,2886.686,295.097,5398.013,0.067,0.019,0.017,7.675,5.349,7.278,-0.032,0.045,0.329,0.305,0.076,1.054,0.836,1.27,1.055,0.074,0.031,0.006,0.022,0.151,0.031,,,2.247,2.31,105.10%,109.70%,108.10%,116.90%,106.70%,110.30%,108.20%,0.003,0.004,,0.039,0.014
68,W6,R,5/16/2023 4:07,Passed,C:\Users\Public\Documents\PerkinElmer Syngistix\ICPMS\DataSet\230515_BAMRAB\W6.127,C:\Users\Public\Documents\PerkinElmer Syngistix\ICPMS\Method\EBL Methods\230515_UCFR_5% _BAMRAB.mth,1514.248,1117.292,9.018,3.632,2486.534,330.303,5895.663,0.159,0.017,0.017,9.659,4.79,9.824,-0.03,0.042,1.03,0.952,0.541,1.315,1.067,1.5,1.267,0.089,0.025,0.015,0.025,0.097,0.031,,,1.293,1.302,103.00%,110.30%,102.60%,115.60%,104.80%,113.60%,106.40%,0.005,0.007,,0.091,0.068
69,W8,R,5/16/2023 4:13,Passed,C:\Users\Public\Documents\PerkinElmer Syngistix\ICPMS\DataSet\230515_BAMRAB\W8.128,C:\Users\Public\Documents\PerkinElmer Syngistix\ICPMS\Method\EBL Methods\230515_UCFR_5% _BAMRAB.mth,1718.577,1247.618,8.235,4.438,2158.86,345.819,5703.449,0.209,0.015,0.014,8.114,5.254,8.54,-0.032,0.04,0.89,0.812,0.352,1.436,1.139,1.613,1.369,0.018,0.036,0.02,0.026,0.164,0.047,,,0.958,0.954,104.30%,111.70%,101.90%,118.50%,105.40%,113.10%,106.50%,0.004,0.006,,0.072,0.049
70,W8 DUP,R,5/16/2023 4:18,Passed,C:\Users\Public\Documents\PerkinElmer Syngistix\ICPMS\DataSet\230515_BAMRAB\W8 DUP.129,C:\Users\Public\Documents\PerkinElmer Syngistix\ICPMS\Method\EBL Methods\230515_UCFR_5% _BAMRAB.mth,1666.262,1188.146,8.297,4.342,2216.861,384.631,5739.273,0.189,0.029,0.023,9.306,5.392,9.85,-0.031,0.041,1.459,1.361,0.579,1.482,1.128,1.534,1.32,0.101,0.02,0.006,0.025,0.162,0.018,,,0.916,0.945,99.50%,111.20%,98.90%,116.40%,98.20%,111.90%,108.70%,0.004,0.004,,0.081,0.06
71,W8 DUP LD,R,5/16/2023 4:24,Failed,C:\Users\Public\Documents\PerkinElmer Syngistix\ICPMS\DataSet\230515_BAMRAB\W8 DUP LD.130,C:\Users\Public\Documents\PerkinElmer Syngistix\ICPMS\Method\EBL Methods\230515_UCFR_5% _BAMRAB.mth,1563.211,1158.832,9.467,4.231,2024.689,368.112,5541.045,0.194,0.018,0.018,9.455,5.751,9.499,-0.032,0.033,1.395,1.362,0.545,1.622,1.058,1.638,1.469,0.227,0.026,0.018,0.023,0.115,0.023,,,0.934,1.007,89.10%,103.50%,103.00%,114.70%,103.00%,110.60%,103.80%,0.004,0.005,,0.091,0.051
72,W8 DUP LD,R,5/16/2023 4:30,Failed,C:\Users\Public\Documents\PerkinElmer Syngistix\ICPMS\DataSet\230515_BAMRAB\W8 DUP LD.131,C:\Users\Public\Documents\PerkinElmer Syngistix\ICPMS\Method\EBL Methods\230515_UCFR_5% _BAMRAB.mth,1645.401,1249.892,10.053,4.184,2170.373,394.624,5815.286,0.197,0.018,0.019,9.443,5.509,9.841,-0.03,0.031,1.467,1.389,0.57,1.423,0.993,1.565,1.334,0.036,0.02,0.009,0.023,0.135,0.018,,,0.936,0.962,103.40%,110.30%,101.00%,116.90%,103.00%,112.60%,106.40%,0.005,0.006,,0.074,0.053
73,W8 DUP LSP,R,5/16/2023 4:36,Failed,C:\Users\Public\Documents\PerkinElmer Syngistix\ICPMS\DataSet\230515_BAMRAB\W8 DUP LSP.132,C:\Users\Public\Documents\PerkinElmer Syngistix\ICPMS\Method\EBL Methods\230515_UCFR_5% _BAMRAB.mth,3786.297,3496.581,11.723,6.666,3888.45,2570.034,7842.353,2.461,2.258,2.247,11.579,7.934,11.555,2.313,2.334,3.707,3.739,2.859,3.728,3.064,3.897,3.789,2.207,2.421,2.502,2.39,2.49,2.662,,,3.31,3.425,103.10%,106.50%,102.40%,114.50%,103.90%,104.30%,104.80%,2.417,2.374,,2.54,2.605
74,W8 DUP LSP,R,5/16/2023 4:42,Failed,C:\Users\Public\Documents\PerkinElmer Syngistix\ICPMS\DataSet\230515_BAMRAB\W8 DUP LSP.133,C:\Users\Public\Documents\PerkinElmer Syngistix\ICPMS\Method\EBL Methods\230515_UCFR_5% _BAMRAB.mth,3846.546,3490.586,11.058,6.498,4023.486,2637.796,7782.385,2.504,2.244,2.27,12.042,7.561,11.795,2.283,2.262,3.8,3.835,2.912,4.286,2.987,3.914,3.638,2.771,2.423,2.337,2.398,3.059,2.368,,,3.343,3.256,94.90%,112.50%,102.00%,114.80%,102.00%,109.40%,105.90%,2.463,2.47,,2.893,2.79
75,W9,R,5/16/2023 4:48,Passed,C:\Users\Public\Documents\PerkinElmer Syngistix\ICPMS\DataSet\230515_BAMRAB\W9.134,C:\Users\Public\Documents\PerkinElmer Syngistix\ICPMS\Method\EBL Methods\230515_UCFR_5% _BAMRAB.mth,1197.37,1090.749,9.459,4.634,1605.153,294.063,4855.577,0.168,0.02,0.02,9.775,3.408,8.891,-0.033,0.042,0.728,0.777,0.385,1.076,0.757,1.3,1.066,0.042,0.015,0.009,0.019,0.135,0.018,,,0.652,0.627,101.60%,108.50%,106.40%,110.60%,101.60%,108.80%,104.90%,0.004,0.006,,0.07,0.045
76,LBLANK,R,5/16/2023 4:53,Failed,C:\Users\Public\Documents\PerkinElmer Syngistix\ICPMS\DataSet\230515_BAMRAB\LBLANK.135,C:\Users\Public\Documents\PerkinElmer Syngistix\ICPMS\Method\EBL Methods\230515_UCFR_5% _BAMRAB.mth,39.657,-10.133,-0.066,0.532,194.45,27.764,40.803,-0.002,0,0,-0.24,0.001,-0.131,-0.039,-0.005,-0.17,-0.223,-0.155,0.015,-0.009,0.262,0.002,-0.007,0.02,-0.003,0.006,0.069,0.022,,,0.002,-0.006,101.00%,108.90%,99.00%,116.50%,103.90%,110.90%,101.60%,-0.001,0.001,,0,-0.028
77,CCV 1ppb,R,5/16/2023 4:59,Failed,C:\Users\Public\Documents\PerkinElmer Syngistix\ICPMS\DataSet\230515_BAMRAB\CCV 1ppb.136,C:\Users\Public\Documents\PerkinElmer Syngistix\ICPMS\Method\EBL Methods\230515_UCFR_5% _BAMRAB.mth,1065.543,1011.761,0.78,0.944,1087.359,961.753,957.442,0.927,0.978,0.914,0.711,0.954,0.824,0.939,0.983,0.859,0.783,0.763,0.979,0.877,1.195,0.936,0.978,0.966,0.912,0.976,0.946,0.903,,,0.954,0.995,103.00%,109.90%,97.50%,115.30%,103.90%,109.20%,103.90%,0.965,0.97,,1.035,1.027
78,CCV 1ppb,R,5/16/2023 5:05,Failed,C:\Users\Public\Documents\PerkinElmer Syngistix\ICPMS\DataSet\230515_BAMRAB\CCV 1ppb.137,C:\Users\Public\Documents\PerkinElmer Syngistix\ICPMS\Method\EBL Methods\230515_UCFR_5% _BAMRAB.mth,973.832,990.849,0.813,0.926,904.684,1042.544,941.422,0.924,0.929,0.914,0.719,0.951,0.756,0.942,0.929,0.885,0.785,0.768,0.938,0.92,1.149,0.915,0.727,1.087,0.934,0.95,1.028,0.907,,,0.956,0.983,104.30%,108.30%,101.30%,115.70%,103.70%,108.70%,105.10%,0.992,0.976,,1.025,1.028
79,CCV 10 ppb,R,5/16/2023 5:11,Failed,C:\Users\Public\Documents\PerkinElmer Syngistix\ICPMS\DataSet\230515_BAMRAB\CCV 10 ppb.138,C:\Users\Public\Documents\PerkinElmer Syngistix\ICPMS\Method\EBL Methods\230515_UCFR_5% _BAMRAB.mth,9660.192,9597.576,9.438,8.323,9316.787,9709.576,9412.002,9.712,9.559,8.914,8.949,9.519,9.181,9.873,9.488,9.689,9.378,8.799,9.387,8.888,9.189,9.567,8.698,10.129,9.842,9.868,9.717,9.782,,,9.467,9.851,97.70%,103.10%,94.20%,109.70%,96.10%,103.50%,104.20%,9.566,9.576,,9.773,10.207
80,CCV 10 ppb,R,5/16/2023 5:17,Failed,C:\Users\Public\Documents\PerkinElmer Syngistix\ICPMS\DataSet\230515_BAMRAB\CCV 10 ppb.139,C:\Users\Public\Documents\PerkinElmer Syngistix\ICPMS\Method\EBL Methods\230515_UCFR_5% _BAMRAB.mth,9887.324,10097.413,8.755,8.263,9149.583,9971.524,9505.307,9.954,9.876,9.199,9.187,9.308,9.482,10.028,9.97,10.016,9.467,8.983,9.877,9.101,9.672,9.39,9.283,9.599,9.731,9.455,10.152,9.111,,,9.789,9.646,95.50%,105.90%,92.10%,110.70%,98.80%,108.00%,99.50%,9.796,9.765,,10.015,9.813
81,W10,R,5/16/2023 5:23,Passed,C:\Users\Public\Documents\PerkinElmer Syngistix\ICPMS\DataSet\230515_BAMRAB\W10.140,C:\Users\Public\Documents\PerkinElmer Syngistix\ICPMS\Method\EBL Methods\230515_UCFR_5% _BAMRAB.mth,1258.283,1588.362,9.46,3.826,2783.611,368.617,6064.764,0.172,0.247,0.245,9.917,2.657,9.355,-0.004,0.052,0.672,0.647,0.389,1.191,1.086,1.365,1.142,0.008,0.025,0.029,0.024,0.183,0.056,,,0.517,0.496,100.20%,110.20%,102.90%,110.90%,102.30%,110.60%,107.60%,0.004,0.005,,0.055,0.028
82,W11,R,5/16/2023 5:29,Passed,C:\Users\Public\Documents\PerkinElmer Syngistix\ICPMS\DataSet\230515_BAMRAB\W11.141,C:\Users\Public\Documents\PerkinElmer Syngistix\ICPMS\Method\EBL Methods\230515_UCFR_5% _BAMRAB.mth,1264.097,1500.863,4.072,3.209,2682.985,397.643,6154.054,0.166,0.016,0.021,2.775,0.986,2.982,-0.032,0.032,0.549,0.514,0.137,1.178,0.984,1.418,1.158,0.084,0.021,0.027,0.027,0.074,0.036,,,0.504,0.517,98.90%,106.10%,97.50%,113.40%,101.10%,110.00%,100.10%,0.003,0.005,,0.026,0
83,W11 DUP,R,5/16/2023 5:35,Passed,C:\Users\Public\Documents\PerkinElmer Syngistix\ICPMS\DataSet\230515_BAMRAB\UF1.142,C:\Users\Public\Documents\PerkinElmer Syngistix\ICPMS\Method\EBL Methods\230515_UCFR_5% _BAMRAB.mth,42.202,-10.133,-0.097,-0.067,-1952.266,19.375,48.577,-0.002,-0.001,0,-0.259,0,-0.791,-0.038,-0.008,-0.169,-0.222,-0.168,0.598,-0.009,0.261,0.001,-1.09,0.01,-0.006,0.005,0.025,0.014,,,0.001,-0.007,90.50%,107.00%,86.90%,120.30%,98.70%,110.60%,105.80%,-0.001,0.001,,0,-0.028
84,UF1,R,5/16/2023 5:40,Passed,C:\Users\Public\Documents\PerkinElmer Syngistix\ICPMS\DataSet\230515_BAMRAB\UF6.143,C:\Users\Public\Documents\PerkinElmer Syngistix\ICPMS\Method\EBL Methods\230515_UCFR_5% _BAMRAB.mth,6350.164,5419.309,2.166,7.683,14004.014,1321.441,29014.691,0.377,0.046,0.045,0.086,9.343,0.402,-0.018,0.219,0.402,0.357,0.654,4.395,3.591,4.502,4.399,0.285,0.065,0.024,0.06,0.397,0.041,,,7.905,7.959,99.60%,104.70%,93.80%,110.60%,101.00%,106.40%,102.40%,0.007,0.011,,0.021,-0.005
85,UF6,R,5/16/2023 5:46,Passed,C:\Users\Public\Documents\PerkinElmer Syngistix\ICPMS\DataSet\230515_BAMRAB\UF8.144,C:\Users\Public\Documents\PerkinElmer Syngistix\ICPMS\Method\EBL Methods\230515_UCFR_5% _BAMRAB.mth,9663.138,6384.83,0.689,3.989,11201.205,1912.627,31023.997,0.895,0.14,0.099,0.532,16.932,0.972,-0.018,0.189,1.496,1.415,1.558,5.652,4.564,5.415,5.458,0.236,0.081,0.096,0.099,0.378,0.09,,,3.702,3.79,97.40%,105.20%,90.50%,109.70%,88.80%,105.60%,105.30%,0.012,0.013,,0.036,0.017
86,UF8,R,5/16/2023 5:52,Passed,C:\Users\Public\Documents\PerkinElmer Syngistix\ICPMS\DataSet\230515_BAMRAB\UF9.145,C:\Users\Public\Documents\PerkinElmer Syngistix\ICPMS\Method\EBL Methods\230515_UCFR_5% _BAMRAB.mth,10224.507,6211.584,0.784,7.368,9910.436,1953.132,28793.01,0.995,0.076,0.052,1.134,17.705,1.504,-0.019,0.143,1.356,1.373,1.098,5.559,4.52,5.437,5.527,0.205,0.087,0.071,0.091,0.389,0.091,,,3.714,3.754,99.10%,104.20%,93.80%,109.70%,98.00%,104.00%,104.80%,0.013,0.015,,0.05,0.026
87,UF9,R,5/16/2023 5:58,Passed,C:\Users\Public\Documents\PerkinElmer Syngistix\ICPMS\DataSet\230515_BAMRAB\UF10.146,C:\Users\Public\Documents\PerkinElmer Syngistix\ICPMS\Method\EBL Methods\230515_UCFR_5% _BAMRAB.mth,6990.407,5506.268,0.614,7.665,7060.037,1446.072,23041.189,0.775,0.05,0.049,0.238,6.572,0.534,-0.03,0.106,1.033,0.965,0.661,4.437,3.307,3.934,3.846,0.379,0.085,0.067,0.067,0.405,0.075,,,2.211,2.209,90.60%,107.70%,96.90%,110.50%,90.40%,108.10%,106.30%,0.008,0.01,,0.039,0.014
88,UF10,R,5/16/2023 6:03,Passed,C:\Users\Public\Documents\PerkinElmer Syngistix\ICPMS\DataSet\230515_BAMRAB\UF10 DUP.147,C:\Users\Public\Documents\PerkinElmer Syngistix\ICPMS\Method\EBL Methods\230515_UCFR_5% _BAMRAB.mth,7311.093,7846.91,0.72,5.274,11846.134,1893.327,30677.764,0.781,0.117,0.107,0.585,7.199,1.01,-0.029,0.139,1.08,1.039,1.046,4.286,3.808,4.731,4.68,0.047,0.087,0.098,0.098,0.365,0.086,,,2.002,2.049,106.90%,104.80%,93.80%,110.90%,96.60%,104.00%,103.40%,0.007,0.011,,0.055,0.039
89,UF10,R,5/16/2023 6:10,Passed,C:\Users\Public\Documents\PerkinElmer Syngistix\ICPMS\DataSet\230515_BAMRAB\UF10 DUP.148,C:\Users\Public\Documents\PerkinElmer Syngistix\ICPMS\Method\EBL Methods\230515_UCFR_5% _BAMRAB.mth,7428.214,7739.323,0.65,5.372,12214.621,1946.246,30320.746,0.761,0.115,0.107,0.61,7.215,1.017,-0.027,0.15,1.085,1.052,1.065,4.63,4.044,4.569,4.634,0.182,0.074,0.079,0.092,0.379,0.097,,,2.03,2.067,98.90%,106.90%,95.00%,111.10%,100.60%,107.40%,108.50%,0.009,0.011,,0.063,0.041
90,LFB,R,5/16/2023 6:15,Failed,C:\Users\Public\Documents\PerkinElmer Syngistix\ICPMS\DataSet\230515_BAMRAB\LFB.149,C:\Users\Public\Documents\PerkinElmer Syngistix\ICPMS\Method\EBL Methods\230515_UCFR_5% _BAMRAB.mth,2406.272,2365.617,6.857,2.417,2102.875,2501.1,2195.751,2.316,2.36,2.316,2.11,2.308,2.119,2.382,2.341,2.298,2.295,2.18,2.42,2.281,2.624,2.35,2.134,2.401,2.392,2.396,2.55,2.35,,,2.393,2.381,100.30%,108.40%,97.20%,111.50%,101.00%,106.30%,101.60%,2.455,2.454,,2.498,2.623
91,UF10 DUP,R,5/16/2023 6:21,Failed,C:\Users\Public\Documents\PerkinElmer Syngistix\ICPMS\DataSet\230515_BAMRAB\UF11.150,C:\Users\Public\Documents\PerkinElmer Syngistix\ICPMS\Method\EBL Methods\230515_UCFR_5% _BAMRAB.mth,7553.026,8211.574,0.83,5.347,12385.476,1902.139,32793.31,0.768,0.048,0.042,0.028,7.14,0.472,-0.022,0.148,1.096,1.018,1.051,4.68,3.997,4.618,4.609,0.245,0.143,0.081,0.092,0.431,0.091,,,1.978,2.072,97.30%,104.10%,90.70%,110.00%,96.90%,105.20%,103.90%,0.009,0.009,,0.061,0.036
92,LBLANK,R,5/16/2023 6:27,Failed,C:\Users\Public\Documents\PerkinElmer Syngistix\ICPMS\DataSet\230515_BAMRAB\LBLANK.151,C:\Users\Public\Documents\PerkinElmer Syngistix\ICPMS\Method\EBL Methods\230515_UCFR_5% _BAMRAB.mth,41.262,-7.908,-0.027,0.072,404.674,28.529,40.803,-0.001,-0.001,0.001,-0.241,0,-0.072,-0.039,-0.002,-0.167,-0.222,-0.159,0.017,-0.009,0.267,0.007,-0.007,0.01,0.001,0.009,0.055,0.023,,,0.002,-0.006,99.80%,107.10%,88.30%,119.70%,102.10%,109.20%,101.80%,0,0.001,,0,-0.028
93,CCV 1ppb,R,5/16/2023 6:33,Failed,C:\Users\Public\Documents\PerkinElmer Syngistix\ICPMS\DataSet\230515_BAMRAB\CCV 1ppb.152,C:\Users\Public\Documents\PerkinElmer Syngistix\ICPMS\Method\EBL Methods\230515_UCFR_5% _BAMRAB.mth,994.737,946.398,0.802,0.849,967.881,1026.242,903.334,0.916,0.933,0.896,0.711,0.968,0.677,0.932,0.916,0.834,0.76,0.764,0.932,0.925,1.167,0.945,0.865,0.937,0.894,0.947,0.965,0.91,,,0.949,0.949,103.90%,109.50%,98.70%,117.10%,104.20%,108.20%,107.70%,0.973,0.962,,1.009,1.034
94,CCV 1ppb,R,5/16/2023 6:39,Failed,C:\Users\Public\Documents\PerkinElmer Syngistix\ICPMS\DataSet\230515_BAMRAB\CCV 1ppb.153,C:\Users\Public\Documents\PerkinElmer Syngistix\ICPMS\Method\EBL Methods\230515_UCFR_5% _BAMRAB.mth,1012.515,875.539,0.911,0.843,991.731,1030.307,917.735,0.957,0.891,0.921,0.72,0.959,0.792,0.915,0.93,0.826,0.801,0.782,0.976,0.998,1.183,0.94,0.892,0.961,0.901,1.018,1.094,0.929,,,0.973,0.968,101.30%,109.30%,101.70%,114.40%,103.30%,108.90%,105.10%,0.969,0.975,,1.018,1.045
95,CCV 10 ppb,R,5/16/2023 6:45,Failed,C:\Users\Public\Documents\PerkinElmer Syngistix\ICPMS\DataSet\230515_BAMRAB\CCV 10 ppb.154,C:\Users\Public\Documents\PerkinElmer Syngistix\ICPMS\Method\EBL Methods\230515_UCFR_5% _BAMRAB.mth,9794.113,10475.859,9.536,8.473,9645.298,9876.205,9795.861,10.154,10.062,9.443,9.201,9.66,9.757,10.429,10.036,10.141,9.738,9.175,9.222,9.151,9.874,9.713,8.559,10.228,9.879,9.881,9.276,9.71,,,9.917,9.895,100.00%,100.40%,89.60%,105.50%,93.80%,101.50%,95.60%,10.005,10.029,,9.546,10.338
96,CCV 10 ppb,R,5/16/2023 6:51,Failed,C:\Users\Public\Documents\PerkinElmer Syngistix\ICPMS\DataSet\230515_BAMRAB\CCV 10 ppb.155,C:\Users\Public\Documents\PerkinElmer Syngistix\ICPMS\Method\EBL Methods\230515_UCFR_5% _BAMRAB.mth,9466.74,9885.291,8.637,8.592,8990.994,9377.088,9197.226,9.407,9.325,9.224,9.247,9.611,8.838,9.393,9.277,9.5,9.592,8.886,9.521,8.475,9.367,9.611,8.91,10.371,9.642,9.568,9.837,9.38,,,9.659,9.842,95.50%,103.00%,96.20%,108.20%,96.50%,104.90%,102.70%,9.598,9.647,,9.85,10.162
97,UF11,R,5/16/2023 6:57,Passed,C:\Users\Public\Documents\PerkinElmer Syngistix\ICPMS\DataSet\230515_BAMRAB\F1.156,C:\Users\Public\Documents\PerkinElmer Syngistix\ICPMS\Method\EBL Methods\230515_UCFR_5% _BAMRAB.mth,41.555,-6.997,-0.083,-0.05,-1981.831,16.868,50.097,-0.002,-0.003,0.001,-0.257,0.006,-0.803,-0.038,-0.009,-0.17,-0.222,-0.169,0.598,-0.009,0.278,0.019,-1.084,0.01,-0.001,0.006,-0.101,0.014,,,0.001,0.002,89.60%,108.30%,93.90%,118.50%,101.40%,111.30%,106.50%,-0.001,0.001,,0,-0.028
98,F1,R,5/16/2023 7:02,Passed,C:\Users\Public\Documents\PerkinElmer Syngistix\ICPMS\DataSet\230515_BAMRAB\F1 DUP.157,C:\Users\Public\Documents\PerkinElmer Syngistix\ICPMS\Method\EBL Methods\230515_UCFR_5% _BAMRAB.mth,5951.516,6354.109,3.027,6.544,16763.445,1553.534,31917.991,0.394,0.347,0.308,5.896,11.166,6.932,-0.007,0.289,1.101,0.943,0.744,4.846,4.386,5.012,4.788,0.153,0.032,0.043,0.061,0.311,0.068,,,8.586,8.724,96.90%,105.00%,87.70%,110.10%,93.40%,106.30%,100.00%,0.007,0.011,,0.044,0.026
99,F1,R,5/16/2023 7:09,Passed,C:\Users\Public\Documents\PerkinElmer Syngistix\ICPMS\DataSet\230515_BAMRAB\F1 DUP.158,C:\Users\Public\Documents\PerkinElmer Syngistix\ICPMS\Method\EBL Methods\230515_UCFR_5% _BAMRAB.mth,6217.069,6586.637,2.966,6.686,17773.386,1620.82,33085.353,0.361,0.353,0.292,5.837,11.061,7.507,-0.005,0.29,1.13,0.953,0.734,4.843,4.35,4.921,4.719,0.264,0.054,0.05,0.048,0.374,0.059,,,8.497,8.749,96.40%,104.00%,83.80%,110.30%,90.50%,104.80%,99.40%,0.006,0.009,,0.046,0.024
100,F1 DUP,R,5/16/2023 7:14,Failed,C:\Users\Public\Documents\PerkinElmer Syngistix\ICPMS\DataSet\230515_BAMRAB\F6.159,C:\Users\Public\Documents\PerkinElmer Syngistix\ICPMS\Method\EBL Methods\230515_UCFR_5% _BAMRAB.mth,5487.308,5768.895,3.007,7.027,16135.081,1473.15,29844.408,0.356,0.108,0.099,5.172,11.378,5.541,-0.012,0.234,0.922,0.868,0.82,5.204,4.02,5.266,5.208,0.164,0.063,0.046,0.063,0.237,0.047,,,8.454,8.804,94.30%,98.80%,89.20%,106.40%,96.00%,102.10%,96.80%,0.006,0.01,,0.052,0.027
101,F6,R,5/16/2023 7:20,Passed,C:\Users\Public\Documents\PerkinElmer Syngistix\ICPMS\DataSet\230515_BAMRAB\F6 DUP.160,C:\Users\Public\Documents\PerkinElmer Syngistix\ICPMS\Method\EBL Methods\230515_UCFR_5% _BAMRAB.mth,8417.421,6321.756,2.291,2.426,10859.983,1859.903,30081.883,0.78,0.051,0.045,5.548,17.764,6.039,-0.015,0.195,3.219,3.12,2.92,6.211,4.633,5.767,5.983,0.288,0.115,0.091,0.105,0.501,0.149,,,4.036,4.083,94.90%,104.20%,92.30%,107.30%,95.20%,104.30%,106.70%,0.013,0.016,,0.098,0.076
102,F6 DUP,R,5/16/2023 7:26,Passed,C:\Users\Public\Documents\PerkinElmer Syngistix\ICPMS\DataSet\230515_BAMRAB\F6 DUP LD.161,C:\Users\Public\Documents\PerkinElmer Syngistix\ICPMS\Method\EBL Methods\230515_UCFR_5% _BAMRAB.mth,7782.661,5810.821,2.53,2.585,9661.071,1705.428,27594.444,0.76,0.044,0.047,5.508,17.671,5.283,-0.016,0.16,2.802,3.102,2.328,5.845,4.317,5.933,5.754,0.317,0.086,0.11,0.098,0.544,0.08,,,4.03,4.018,98.30%,106.60%,103.50%,110.30%,99.70%,103.00%,102.10%,0.014,0.014,,0.109,0.088
103,F6 DUP,R,5/16/2023 7:32,Passed,C:\Users\Public\Documents\PerkinElmer Syngistix\ICPMS\DataSet\230515_BAMRAB\F6 DUP LD.162,C:\Users\Public\Documents\PerkinElmer Syngistix\ICPMS\Method\EBL Methods\230515_UCFR_5% _BAMRAB.mth,9022.652,6828.793,2.923,2.423,12142.58,2079.574,30729.906,0.875,0.057,0.049,5.356,17.427,6.258,-0.015,0.171,3.276,3.059,2.334,5.778,4.911,5.709,5.59,0.219,0.117,0.084,0.112,0.431,0.105,,,3.912,3.983,99.40%,107.30%,87.90%,111.50%,99.90%,105.20%,103.90%,0.015,0.016,,0.11,0.086
104,F6 DUP LD,R,5/16/2023 7:38,Failed,C:\Users\Public\Documents\PerkinElmer Syngistix\ICPMS\DataSet\230515_BAMRAB\F6 DUP LSP.163,C:\Users\Public\Documents\PerkinElmer Syngistix\ICPMS\Method\EBL Methods\230515_UCFR_5% _BAMRAB.mth,8683.979,6378.481,3.934,3.211,11254.247,1948.741,30741.889,0.902,0.065,0.057,5.661,17.211,6.446,-0.01,0.179,3.337,3.034,2.308,6.114,4.762,5.76,5.61,0.373,0.097,0.095,0.108,0.416,0.12,,,3.945,3.991,94.10%,106.00%,88.40%,110.20%,97.40%,98.70%,101.90%,0.012,0.014,,0.114,0.087
105,F6 DUP LD,R,5/16/2023 7:44,Failed,C:\Users\Public\Documents\PerkinElmer Syngistix\ICPMS\DataSet\230515_BAMRAB\F6 DUP LSP.164,C:\Users\Public\Documents\PerkinElmer Syngistix\ICPMS\Method\EBL Methods\230515_UCFR_5% _BAMRAB.mth,9233.395,7080.07,2.924,3.103,12713.502,1987.861,32096.833,0.886,0.075,0.055,5.658,18.003,6.839,-0.016,0.212,3.513,3.08,2.39,5.89,5.411,6.023,5.796,0.217,0.161,0.106,0.122,0.519,0.137,,,3.947,4.027,98.70%,103.30%,84.70%,108.90%,96.30%,103.30%,98.00%,0.012,0.014,,0.106,0.087
106,F6 DUP LSP,R,5/16/2023 7:50,Failed,C:\Users\Public\Documents\PerkinElmer Syngistix\ICPMS\DataSet\230515_BAMRAB\F8.165,C:\Users\Public\Documents\PerkinElmer Syngistix\ICPMS\Method\EBL Methods\230515_UCFR_5% _BAMRAB.mth,11574.806,9150.803,6.46,5.994,14355.557,4426.812,33893.943,3.479,2.629,2.433,8.4,20.192,9.045,2.575,2.713,5.855,5.554,4.666,8.209,7.134,8.285,8.172,2.419,2.572,2.453,2.616,3.005,2.418,,,6.547,6.552,95.10%,100.50%,87.00%,107.00%,94.70%,103.10%,96.50%,2.526,2.512,,2.553,2.736
107,LBLANK,R,5/16/2023 7:55,Failed,C:\Users\Public\Documents\PerkinElmer Syngistix\ICPMS\DataSet\230515_BAMRAB\LBLANK.166,C:\Users\Public\Documents\PerkinElmer Syngistix\ICPMS\Method\EBL Methods\230515_UCFR_5% _BAMRAB.mth,42.767,-9.059,-0.001,0.323,305.415,30.772,50.465,-0.002,-0.001,0.001,-0.232,0,-0.139,-0.039,0.01,-0.167,-0.221,-0.158,0.003,-0.002,0.265,0.004,0.029,0.015,-0.004,0.008,0.07,0.01,,,0.002,-0.004,97.50%,106.70%,91.30%,112.20%,101.00%,99.80%,102.30%,0,0.001,,0.001,-0.028
108,CCV 1ppb,R,5/16/2023 8:01,Failed,C:\Users\Public\Documents\PerkinElmer Syngistix\ICPMS\DataSet\230515_BAMRAB\CCV 1ppb.167,C:\Users\Public\Documents\PerkinElmer Syngistix\ICPMS\Method\EBL Methods\230515_UCFR_5% _BAMRAB.mth,996.035,958.297,0.877,0.921,999.444,988.169,955.901,0.928,0.948,0.914,0.759,0.955,0.656,0.936,0.935,0.79,0.78,0.747,0.966,0.849,1.185,0.937,0.883,1.011,0.904,0.931,1.104,0.922,,,0.938,0.965,103.00%,110.60%,99.30%,116.60%,104.10%,108.20%,105.70%,0.96,0.955,,1.011,1.042
109,CCV 1ppb,R,5/16/2023 8:07,Failed,C:\Users\Public\Documents\PerkinElmer Syngistix\ICPMS\DataSet\230515_BAMRAB\CCV 1ppb.168,C:\Users\Public\Documents\PerkinElmer Syngistix\ICPMS\Method\EBL Methods\230515_UCFR_5% _BAMRAB.mth,987.075,927.416,1.107,0.883,1058.42,1003.327,963.49,0.993,0.981,0.927,0.734,0.988,0.742,0.945,0.93,0.81,0.801,0.782,0.958,0.818,1.188,0.952,0.895,0.988,1,0.918,1.055,0.947,,,0.96,0.977,100.40%,105.80%,101.10%,113.20%,102.40%,109.30%,102.40%,0.974,0.975,,1.017,1.038
110,CCV 10 ppb,R,5/16/2023 8:13,Failed,C:\Users\Public\Documents\PerkinElmer Syngistix\ICPMS\DataSet\230515_BAMRAB\CCV 10 ppb.169,C:\Users\Public\Documents\PerkinElmer Syngistix\ICPMS\Method\EBL Methods\230515_UCFR_5% _BAMRAB.mth,9738.641,9621.251,8.711,8.581,9294.279,9712.396,9189.96,9.697,9.506,9.202,9.231,9.774,8.997,9.481,9.162,9.545,9.602,8.922,9.976,8.854,9.795,9.774,9.057,9.807,10.003,9.986,10.615,9.808,,,9.746,10.055,92.80%,99.10%,94.00%,107.10%,95.00%,99.40%,95.90%,9.78,9.683,,10.179,10.241
111,CCV 10 ppb,R,5/16/2023 8:19,Failed,C:\Users\Public\Documents\PerkinElmer Syngistix\ICPMS\DataSet\230515_BAMRAB\CCV 10 ppb.170,C:\Users\Public\Documents\PerkinElmer Syngistix\ICPMS\Method\EBL Methods\230515_UCFR_5% _BAMRAB.mth,9100.025,9495.079,8.449,8.647,8671.191,9232.415,9187.831,9.426,8.974,9.057,9.307,9.686,8.54,9.169,9.111,9.246,9.532,8.936,9.662,8.153,9.468,9.537,8.986,9.854,9.626,10.002,9.76,9.346,,,9.548,10.022,94.90%,104.00%,98.70%,111.20%,81.50%,103.70%,101.60%,9.678,9.552,,9.956,12.306
112,F8,R,5/16/2023 8:25,Passed,C:\Users\Public\Documents\PerkinElmer Syngistix\ICPMS\DataSet\230515_BAMRAB\F9.171,C:\Users\Public\Documents\PerkinElmer Syngistix\ICPMS\Method\EBL Methods\230515_UCFR_5% _BAMRAB.mth,10039.604,6852.106,3.176,6.74,10781.652,2116.71,31549.093,1.041,0.103,0.097,7.323,19.09,7.904,-0.016,0.207,3.545,3.377,1.789,6.14,5.415,5.823,5.909,0.252,0.139,0.085,0.089,0.478,0.096,,,4.009,4.042,96.50%,103.20%,92.20%,107.00%,98.10%,101.90%,103.50%,0.019,0.018,,0.132,0.113
113,F9,R,5/16/2023 8:31,Passed,C:\Users\Public\Documents\PerkinElmer Syngistix\ICPMS\DataSet\230515_BAMRAB\F10.172,C:\Users\Public\Documents\PerkinElmer Syngistix\ICPMS\Method\EBL Methods\230515_UCFR_5% _BAMRAB.mth,6675.782,5865.329,3.59,7.046,8264.661,1602.782,25653.777,0.806,0.049,0.046,4.921,7.794,5.692,-0.021,0.146,2.549,2.401,2.135,4.71,3.541,4.598,4.366,0.307,0.08,0.07,0.095,0.416,0.098,,,2.43,2.493,89.90%,100.90%,89.60%,108.30%,96.70%,103.20%,95.60%,0.01,0.013,,0.088,0.059
114,F10,R,5/16/2023 8:37,Passed,C:\Users\Public\Documents\PerkinElmer Syngistix\ICPMS\DataSet\230515_BAMRAB\F11.173,C:\Users\Public\Documents\PerkinElmer Syngistix\ICPMS\Method\EBL Methods\230515_UCFR_5% _BAMRAB.mth,6476.757,7944.027,3.392,5.231,12940.755,1971.631,31231.553,0.754,0.066,0.059,3.585,8.519,3.939,-0.019,0.164,2.498,2.461,1.76,4.987,4.084,4.816,4.842,0.277,0.094,0.109,0.098,0.425,0.159,,,2.162,2.156,95.10%,102.60%,92.00%,106.30%,95.60%,84.30%,102.70%,0.01,0.011,,0.158,0.14
115,F11,R,5/16/2023 8:42,Passed,C:\Users\Public\Documents\PerkinElmer Syngistix\ICPMS\DataSet\230515_BAMRAB\DBLANK.174,C:\Users\Public\Documents\PerkinElmer Syngistix\ICPMS\Method\EBL Methods\230515_UCFR_5% _BAMRAB.mth,6374.022,8287.093,2.631,2.412,12994.662,1886.67,31681.39,0.648,0.069,0.067,2.474,2.431,2.867,-0.022,0.137,2.495,2.438,1.374,4.756,3.892,4.552,4.747,0.203,0.083,0.107,0.092,0.377,0.087,,,1.967,2.1,99.40%,102.90%,93.80%,111.60%,97.80%,104.20%,107.20%,0.006,0.009,,0.098,0.079
116,DBLANK,R,5/16/2023 8:48,Passed,C:\Users\Public\Documents\PerkinElmer Syngistix\ICPMS\DataSet\230515_BAMRAB\DBLANK.175,C:\Users\Public\Documents\PerkinElmer Syngistix\ICPMS\Method\EBL Methods\230515_UCFR_5% _BAMRAB.mth,41.649,-10.133,1.481,2.633,316.112,30.952,59.987,0,0.002,0.004,-0.186,0.001,-0.103,-0.039,0.016,-0.101,-0.163,-0.159,0.033,-0.003,0.264,0.003,-0.051,0.01,-0.007,0.009,0.029,0.014,,,0.001,-0.005,104.30%,107.00%,89.90%,112.50%,103.30%,107.60%,104.40%,-0.001,0.001,,0.005,-0.023
117,DBLANK,R,5/16/2023 8:54,Passed,C:\Users\Public\Documents\PerkinElmer Syngistix\ICPMS\DataSet\230515_BAMRAB\MFB.176,C:\Users\Public\Documents\PerkinElmer Syngistix\ICPMS\Method\EBL Methods\230515_UCFR_5% _BAMRAB.mth,39.97,-10.133,0.317,3.415,95.349,26.307,40.803,-0.002,0.002,0.002,-0.219,0.001,-0.178,-0.039,0.005,-0.117,-0.164,-0.157,0.016,-0.009,0.264,0.004,0.024,0.004,-0.004,0.008,0.054,0.01,,,0.001,-0.006,101.30%,98.20%,105.10%,115.70%,104.90%,109.60%,95.70%,-0.001,0.001,,0.005,-0.022
118,MFB,R,5/16/2023 9:00,Passed,C:\Users\Public\Documents\PerkinElmer Syngistix\ICPMS\DataSet\230515_BAMRAB\MFB.177,C:\Users\Public\Documents\PerkinElmer Syngistix\ICPMS\Method\EBL Methods\230515_UCFR_5% _BAMRAB.mth,4975.517,5235.046,5.561,8.708,4772.695,4823.837,4500.596,4.911,4.858,4.586,4.641,4.758,4.883,5.024,4.789,4.966,4.708,4.294,4.72,4.33,4.654,4.648,4.562,4.574,4.654,4.678,4.942,4.579,,,4.723,4.829,95.20%,103.60%,93.60%,110.90%,89.90%,105.50%,103.50%,4.725,4.76,,5.028,5.692
119,MFB,R,5/16/2023 9:05,Passed,C:\Users\Public\Documents\PerkinElmer Syngistix\ICPMS\DataSet\230515_BAMRAB\T-239.178,C:\Users\Public\Documents\PerkinElmer Syngistix\ICPMS\Method\EBL Methods\230515_UCFR_5% _BAMRAB.mth,4872.497,4917.027,4.804,8.074,4644.125,4893.043,4948.707,4.933,4.745,4.953,5.056,4.767,4.728,4.887,4.839,4.886,5.104,4.774,4.639,4.335,4.586,4.645,4.359,4.823,4.632,4.757,4.694,4.574,,,5.144,4.877,98.90%,104.00%,93.60%,104.00%,96.90%,105.40%,105.40%,5.211,5.167,,4.925,5.115
120,T-239,R,5/16/2023 9:11,Passed,C:\Users\Public\Documents\PerkinElmer Syngistix\ICPMS\DataSet\230515_BAMRAB\T-239.179,C:\Users\Public\Documents\PerkinElmer Syngistix\ICPMS\Method\EBL Methods\230515_UCFR_5% _BAMRAB.mth,51612.48,13558.702,107.354,10.855,1009.236,4082.602,51231.181,2.028,1.35,1.304,40.206,3.567,43.384,1.473,1.777,0.635,0.596,5.426,2.34,2.177,2.43,2.276,4.688,1.901,1.808,1.86,2.227,1.97,,,1.032,1.035,89.80%,94.70%,84.30%,100.50%,91.50%,94.10%,93.60%,3.202,3.113,,1.154,1.183
121,LFB,R,5/16/2023 9:17,Failed,C:\Users\Public\Documents\PerkinElmer Syngistix\ICPMS\DataSet\230515_BAMRAB\LFB.180,C:\Users\Public\Documents\PerkinElmer Syngistix\ICPMS\Method\EBL Methods\230515_UCFR_5% _BAMRAB.mth,2368.265,2317.221,6.052,3.063,2037.726,2189.536,2312.407,2.285,2.312,2.307,2.134,2.388,2.055,2.371,2.39,2.291,2.298,2.134,2.48,2.297,2.518,2.402,2.412,2.556,2.416,2.52,2.676,2.408,,,2.374,2.488,100.90%,107.20%,103.00%,115.70%,103.50%,108.50%,107.50%,2.404,2.425,,2.458,2.519
122,T-239,R,5/16/2023 9:23,Passed,C:\Users\Public\Documents\PerkinElmer Syngistix\ICPMS\DataSet\230515_BAMRAB\W1.181,C:\Users\Public\Documents\PerkinElmer Syngistix\ICPMS\Method\EBL Methods\230515_UCFR_5% _BAMRAB.mth,47404.434,12302.606,101.769,9.976,725.697,3706.228,50344.552,1.897,1.369,1.348,41.061,3.931,40.661,1.347,1.664,0.671,0.655,5.717,2.378,2.096,2.626,2.464,4.946,2.022,1.987,2.024,2.259,2.039,,,1.065,1.162,90.80%,89.90%,92.90%,99.90%,92.50%,96.50%,88.10%,3.312,3.247,,1.154,1.213
123,LBLANK,R,5/16/2023 9:28,Failed,C:\Users\Public\Documents\PerkinElmer Syngistix\ICPMS\DataSet\230515_BAMRAB\LBLANK.182,C:\Users\Public\Documents\PerkinElmer Syngistix\ICPMS\Method\EBL Methods\230515_UCFR_5% _BAMRAB.mth,43.188,-8.263,0.035,0.731,205.66,29.039,42.912,0.004,-0.001,0.001,-0.232,0.001,-0.144,-0.038,-0.005,-0.167,-0.222,-0.156,0.003,-0.009,0.262,0.002,0.05,0.01,-0.006,0.007,0.075,0.01,,,0.002,-0.006,100.90%,109.60%,100.10%,119.00%,102.90%,108.20%,107.20%,-0.001,0.001,,0,-0.028
124,CCV 1ppb,R,5/16/2023 9:34,Failed,C:\Users\Public\Documents\PerkinElmer Syngistix\ICPMS\DataSet\230515_BAMRAB\CCV 1ppb.183,C:\Users\Public\Documents\PerkinElmer Syngistix\ICPMS\Method\EBL Methods\230515_UCFR_5% _BAMRAB.mth,998.361,993.344,0.832,1.061,905.579,975.69,949.89,0.953,0.988,0.939,0.759,0.969,0.786,1.001,1.007,0.884,0.832,0.792,0.929,0.931,1.14,0.967,1.009,1.039,0.923,0.974,0.938,0.91,,,0.959,0.978,101.30%,106.60%,101.90%,115.50%,111.50%,107.30%,110.70%,0.964,0.983,,0.977,0.988
125,CCV 1ppb,R,5/16/2023 9:40,Failed,C:\Users\Public\Documents\PerkinElmer Syngistix\ICPMS\DataSet\230515_BAMRAB\CCV 1ppb.184,C:\Users\Public\Documents\PerkinElmer Syngistix\ICPMS\Method\EBL Methods\230515_UCFR_5% _BAMRAB.mth,987.726,980.753,0.729,0.958,1109.048,983.417,973.406,0.947,0.929,0.985,0.779,1.053,0.893,0.982,0.995,0.868,0.809,0.799,0.986,0.954,1.226,1.021,0.826,1.044,1.089,0.971,0.983,1.042,,,0.975,1.059,104.10%,100.20%,100.50%,114.80%,104.70%,106.10%,100.00%,0.992,0.99,,0.981,1.015
126,CCV 10 ppb,R,5/16/2023 9:46,Failed,C:\Users\Public\Documents\PerkinElmer Syngistix\ICPMS\DataSet\230515_BAMRAB\CCV 10 ppb.185,C:\Users\Public\Documents\PerkinElmer Syngistix\ICPMS\Method\EBL Methods\230515_UCFR_5% _BAMRAB.mth,10083.956,9690.509,8.764,8.488,9750.848,9872.047,9805.039,9.972,9.951,9.177,9.033,9.898,9.723,10.128,10.087,10.275,9.603,8.813,9.842,9.228,9.672,9.944,9.322,10.22,9.799,9.74,9.973,9.242,,,9.591,10.208,94.00%,99.00%,90.90%,107.90%,96.40%,100.00%,98.70%,9.475,9.58,,9.727,9.725
127,CCV 10 ppb,R,5/16/2023 9:52,Failed,C:\Users\Public\Documents\PerkinElmer Syngistix\ICPMS\DataSet\230515_BAMRAB\CCV 10 ppb.186,C:\Users\Public\Documents\PerkinElmer Syngistix\ICPMS\Method\EBL Methods\230515_UCFR_5% _BAMRAB.mth,9839.995,9660.626,9.327,8.369,9051.51,9514.978,9399.038,10.044,9.817,9.183,9.349,9.526,9.354,9.947,9.851,10.215,9.715,8.964,9.804,9.631,9.488,9.574,9.063,9.945,9.4,9.716,10.116,9.9,,,9.688,9.765,94.10%,102.70%,93.40%,107.30%,89.40%,101.00%,100.50%,9.539,9.641,,9.779,10.764
128,7_06_21_W_1,R,5/16/2023 9:58,Passed,C:\Users\Public\Documents\PerkinElmer Syngistix\ICPMS\DataSet\230515_BAMRAB\W6.187,C:\Users\Public\Documents\PerkinElmer Syngistix\ICPMS\Method\EBL Methods\230515_UCFR_5% _BAMRAB.mth,1173.845,1207.867,4.98,2.238,3244.849,289.998,6229.415,0.058,0.026,0.018,4.312,3.329,4.721,-0.032,0.065,0.161,0.1,0.174,1.148,0.89,1.208,1.019,0.287,0.021,0.008,0.017,0.106,0.019,,,1.693,1.707,92.10%,104.70%,96.30%,112.10%,103.10%,102.40%,106.00%,0.002,0.002,,0.036,0.006
129,7_06_21_W_6,R,5/16/2023 10:04,Passed,C:\Users\Public\Documents\PerkinElmer Syngistix\ICPMS\DataSet\230515_BAMRAB\W8.188,C:\Users\Public\Documents\PerkinElmer Syngistix\ICPMS\Method\EBL Methods\230515_UCFR_5% _BAMRAB.mth,1734.03,1287.729,11.545,2.229,2418.325,379.162,6460.734,0.18,0.036,0.033,11.809,5.616,12.049,-0.032,0.026,1.239,1.19,0.564,1.324,1.041,1.41,1.25,-0.009,0.026,0.015,0.035,0.144,0.05,,,0.814,0.785,96.30%,105.50%,95.20%,110.60%,99.30%,92.40%,108.50%,0.004,0.007,,0.112,0.088
130,7_06_21_W_8,R,5/16/2023 10:10,Passed,C:\Users\Public\Documents\PerkinElmer Syngistix\ICPMS\DataSet\230515_BAMRAB\W9.189,C:\Users\Public\Documents\PerkinElmer Syngistix\ICPMS\Method\EBL Methods\230515_UCFR_5% _BAMRAB.mth,2033.1,1314.041,7.033,3.059,2449.093,420.299,6337.098,0.183,0.035,0.039,7.859,5.664,8.493,-0.03,0.035,0.9,0.806,0.383,1.416,0.983,1.462,1.264,0.144,0.039,0.028,0.027,0.194,0.032,,,0.773,0.801,89.00%,105.80%,93.30%,111.50%,98.70%,105.90%,105.30%,0.003,0.005,,0.06,0.029
131,7_06_21_W_9,R,5/16/2023 10:15,Passed,C:\Users\Public\Documents\PerkinElmer Syngistix\ICPMS\DataSet\230515_BAMRAB\W9 DUP.190,C:\Users\Public\Documents\PerkinElmer Syngistix\ICPMS\Method\EBL Methods\230515_UCFR_5% _BAMRAB.mth,1272.991,1137.289,9.225,2.848,1620.227,291.232,4925.658,0.148,0.028,0.037,8.775,3.824,8.843,-0.034,0.034,0.63,0.614,0.373,0.981,0.758,1.138,0.913,0.135,0.038,0.01,0.017,0.062,0.023,,,0.488,0.499,97.50%,104.00%,99.40%,110.20%,100.10%,104.70%,102.10%,0.004,0.005,,0.053,0.029
132,7_06_21_W_9,R,5/16/2023 10:22,Passed,C:\Users\Public\Documents\PerkinElmer Syngistix\ICPMS\DataSet\230515_BAMRAB\W9 DUP.191,C:\Users\Public\Documents\PerkinElmer Syngistix\ICPMS\Method\EBL Methods\230515_UCFR_5% _BAMRAB.mth,1310.956,1144.093,9.727,2.689,1749.64,319.22,5001.14,0.175,0.03,0.034,8.706,3.789,9.038,-0.034,0.02,0.653,0.621,0.379,0.992,0.829,1.109,0.896,-0.01,0.026,0.01,0.021,0.132,0.023,,,0.486,0.492,95.50%,105.00%,95.90%,111.00%,98.00%,105.70%,104.60%,0.005,0.005,,0.059,0.031
133,7_06_21_W_9_DUP,R,5/16/2023 10:27,Failed,C:\Users\Public\Documents\PerkinElmer Syngistix\ICPMS\DataSet\230515_BAMRAB\W10.192,C:\Users\Public\Documents\PerkinElmer Syngistix\ICPMS\Method\EBL Methods\230515_UCFR_5% _BAMRAB.mth,1161.207,1051.468,9.434,2.752,1484.748,285.703,4700.045,0.179,0.026,0.032,9.833,3.907,9.373,-0.034,0.021,0.645,0.631,0.352,0.95,0.578,1.07,0.853,0.047,0.015,0.016,0.018,0.112,0.023,,,0.466,0.465,99.60%,107.40%,102.20%,110.40%,97.00%,104.00%,106.70%,0.002,0.005,,0.062,0.045
134,7_06_21_W_10,R,5/16/2023 10:33,Passed,C:\Users\Public\Documents\PerkinElmer Syngistix\ICPMS\DataSet\230515_BAMRAB\W11.193,C:\Users\Public\Documents\PerkinElmer Syngistix\ICPMS\Method\EBL Methods\230515_UCFR_5% _BAMRAB.mth,1298.218,1559.874,11.32,2.502,2512.199,380.044,6263.629,0.167,0.104,0.101,9.91,4.712,9.625,-0.03,0.039,0.715,0.671,0.46,1.081,0.692,1.189,0.968,0.065,0.01,0.02,0.025,0.197,0.027,,,0.415,0.4,95.50%,106.80%,97.40%,110.40%,97.70%,102.00%,105.00%,0.003,0.005,,0.064,0.041
135,7_06_21_W_11,R,5/16/2023 10:39,Passed,C:\Users\Public\Documents\PerkinElmer Syngistix\ICPMS\DataSet\230515_BAMRAB\W11 DUP.194,C:\Users\Public\Documents\PerkinElmer Syngistix\ICPMS\Method\EBL Methods\230515_UCFR_5% _BAMRAB.mth,1276.84,1680.14,3.43,1.574,2778.742,388.966,6390.562,0.13,0.036,0.031,2.479,1.474,2.514,-0.034,0.04,0.511,0.449,0.123,1.022,0.726,1.189,0.981,0.117,0.033,0.03,0.025,0.078,0.032,,,0.389,0.4,94.70%,102.30%,97.50%,112.10%,98.20%,102.80%,102.00%,0.002,0.003,,0.044,0.018
136,7_06_21_W_11_DUP,R,5/16/2023 10:45,Passed,C:\Users\Public\Documents\PerkinElmer Syngistix\ICPMS\DataSet\230515_BAMRAB\W11 DUP LD.195,C:\Users\Public\Documents\PerkinElmer Syngistix\ICPMS\Method\EBL Methods\230515_UCFR_5% _BAMRAB.mth,1218.286,1505.925,3.299,0.824,2267.84,375.709,5824.815,0.118,0.006,0.011,1.669,0.8,2.066,-0.037,0.023,0.681,0.571,0.209,1.062,0.833,1.203,0.834,0.152,0.03,-0.003,0.013,0.136,0.02,,,0.379,0.33,89.10%,89.90%,99.70%,91.50%,71.70%,111.80%,75.30%,0.002,0.003,,0.033,0.014
137,7_06_21_W_11_DUP,R,5/16/2023 10:51,Passed,C:\Users\Public\Documents\PerkinElmer Syngistix\ICPMS\DataSet\230515_BAMRAB\W11 DUP LD.196,C:\Users\Public\Documents\PerkinElmer Syngistix\ICPMS\Method\EBL Methods\230515_UCFR_5% _BAMRAB.mth,1283.977,1687.786,3.74,1.521,3005.682,425.334,6919.704,0.14,0.014,0.01,2.174,1.508,2.629,-0.035,0.04,0.807,0.68,0.264,1.005,0.976,1.197,0.968,0.088,0.021,0.016,0.02,0.163,0.014,,,0.386,0.402,95.20%,98.80%,84.80%,110.00%,97.60%,97.20%,96.20%,0.001,0.003,,0.034,0.004
138,W11 DUP,R,5/16/2023 10:57,Passed,C:\Users\Public\Documents\PerkinElmer Syngistix\ICPMS\DataSet\230515_BAMRAB\W11 DUP LSP.197,C:\Users\Public\Documents\PerkinElmer Syngistix\ICPMS\Method\EBL Methods\230515_UCFR_5% _BAMRAB.mth,1113.849,1382.514,3.168,1.472,2459.686,334.545,6010.53,0.134,0.007,0.011,2.209,1.435,2.124,-0.037,0.027,0.7,0.701,0.269,0.954,0.763,1.164,0.939,-0.007,0.033,0.018,0.023,0.119,0.024,,,0.4,0.381,102.10%,100.70%,95.70%,108.80%,98.60%,99.90%,98.70%,0.002,0.003,,0.027,0.004
139,W11 DUP,R,5/16/2023 11:02,Passed,C:\Users\Public\Documents\PerkinElmer Syngistix\ICPMS\DataSet\230515_BAMRAB\W11 DUP LSP.198,C:\Users\Public\Documents\PerkinElmer Syngistix\ICPMS\Method\EBL Methods\230515_UCFR_5% _BAMRAB.mth,1170.151,1519.913,3.753,1.482,2836.27,384.144,6317.969,0.127,0.008,0.01,2.168,1.462,2.292,-0.035,0.016,0.706,0.683,0.262,1.021,0.621,1.151,0.946,0.124,0.039,0.007,0.019,0.111,0.028,,,0.392,0.389,94.40%,100.70%,94.00%,107.80%,92.60%,100.20%,101.00%,0.001,0.002,,0.032,0.007
140,LBLANK,R,5/16/2023 11:08,Failed,C:\Users\Public\Documents\PerkinElmer Syngistix\ICPMS\DataSet\230515_BAMRAB\LBLANK.199,C:\Users\Public\Documents\PerkinElmer Syngistix\ICPMS\Method\EBL Methods\230515_UCFR_5% _BAMRAB.mth,40.435,-10.133,-0.031,0.057,45.755,30.591,40.803,-0.002,0.001,0.001,-0.243,0,-0.194,-0.039,0.004,-0.166,-0.221,-0.16,-0.019,0.012,0.262,0.001,0.061,0.004,0,0.008,0.041,0.01,,,0.001,-0.006,88.60%,99.80%,92.40%,106.90%,95.60%,101.00%,94.40%,-0.001,0.001,,0.001,-0.028
141,ICV PE,R,5/16/2023 11:14,Failed,C:\Users\Public\Documents\PerkinElmer Syngistix\ICPMS\DataSet\230515_BAMRAB\ICV PE.200,C:\Users\Public\Documents\PerkinElmer Syngistix\ICPMS\Method\EBL Methods\230515_UCFR_5% _BAMRAB.mth,10183.658,10194.845,9.17,0.12,9574.006,9841.728,10621.633,10.253,10.058,9.848,9.963,10.922,9.642,10.493,10.253,10.312,10.148,9.235,9.914,8.585,10.269,10.379,6.101,10.602,10.587,10.725,10.435,10.515,,,9.859,10.723,94.00%,92.80%,89.30%,104.80%,87.40%,96.40%,90.50%,9.809,9.818,,10.02,11.285
142,ICV PE,R,5/16/2023 11:20,Failed,C:\Users\Public\Documents\PerkinElmer Syngistix\ICPMS\DataSet\230515_BAMRAB\ICV PE.201,C:\Users\Public\Documents\PerkinElmer Syngistix\ICPMS\Method\EBL Methods\230515_UCFR_5% _BAMRAB.mth,10131.518,10257.876,8.417,0.092,9962.356,9988.036,10395.547,10.442,10.433,9.52,9.791,10.074,10.312,10.694,10.407,10.943,9.902,9.086,9.755,8.449,9.622,9.698,6.035,10.176,9.644,9.855,9.997,9.812,,,9.617,9.85,97.20%,97.70%,86.00%,105.90%,94.40%,96.80%,95.50%,9.668,9.659,,9.648,10.083
143,CCV 1ppb,R,5/16/2023 11:26,Failed,C:\Users\Public\Documents\PerkinElmer Syngistix\ICPMS\DataSet\230515_BAMRAB\CCV 1ppb.202,C:\Users\Public\Documents\PerkinElmer Syngistix\ICPMS\Method\EBL Methods\230515_UCFR_5% _BAMRAB.mth,992.485,931.033,0.859,0.775,955.699,931.763,949.557,0.98,0.958,0.966,0.737,1.004,0.765,0.927,1.027,0.866,0.833,0.773,0.952,0.939,1.187,0.951,0.89,0.937,0.937,0.967,0.992,0.922,,,0.959,0.998,100.30%,104.50%,97.60%,114.50%,100.40%,104.70%,101.30%,0.971,0.956,,1.005,1.015
144,CCV 1ppb,R,5/16/2023 11:32,Failed,C:\Users\Public\Documents\PerkinElmer Syngistix\ICPMS\DataSet\230515_BAMRAB\CCV 1ppb.203,C:\Users\Public\Documents\PerkinElmer Syngistix\ICPMS\Method\EBL Methods\230515_UCFR_5% _BAMRAB.mth,1005.381,1018.605,0.842,0.765,1098.277,992.757,965.974,0.9,0.946,0.972,0.762,1.026,0.824,0.975,1.017,0.872,0.854,0.797,0.919,0.854,1.183,0.96,0.922,1.003,0.897,0.994,0.916,1.063,,,0.963,0.992,103.70%,102.90%,100.40%,113.30%,102.40%,105.20%,101.00%,0.971,0.969,,0.988,1.018
145,LFB,R,5/16/2023 11:38,Failed,C:\Users\Public\Documents\PerkinElmer Syngistix\ICPMS\DataSet\230515_BAMRAB\LFB.204,C:\Users\Public\Documents\PerkinElmer Syngistix\ICPMS\Method\EBL Methods\230515_UCFR_5% _BAMRAB.mth,2362.89,2161.067,6.674,2.254,2287.327,2276.97,2333.473,2.328,2.32,2.41,2.354,2.496,2.087,2.354,2.3,2.339,2.416,2.254,2.421,2.156,2.551,2.471,2.312,2.747,2.331,2.529,2.598,2.409,,,2.398,2.505,97.20%,100.90%,101.70%,111.00%,83.70%,102.70%,102.70%,2.45,2.425,,2.545,3.151
146,CCV 10 ppb,R,5/16/2023 11:44,Failed,C:\Users\Public\Documents\PerkinElmer Syngistix\ICPMS\DataSet\230515_BAMRAB\CCV 10 ppb.205,C:\Users\Public\Documents\PerkinElmer Syngistix\ICPMS\Method\EBL Methods\230515_UCFR_5% _BAMRAB.mth,9752.177,9565.174,9.471,8.486,9104.57,9672.361,9699.696,9.801,9.679,9.368,9.513,9.83,9.532,9.958,9.541,10.003,9.826,9.022,9.735,8.573,9.759,9.669,9.04,10.031,10.022,9.748,10.356,9.176,,,9.58,9.95,95.70%,99.60%,94.60%,107.90%,108.80%,97.80%,95.70%,9.517,9.33,,9.905,8.745
147,CCV 10 ppb,R,5/16/2023 11:50,Failed,C:\Users\Public\Documents\PerkinElmer Syngistix\ICPMS\DataSet\230515_BAMRAB\CCV 10 ppb.206,C:\Users\Public\Documents\PerkinElmer Syngistix\ICPMS\Method\EBL Methods\230515_UCFR_5% _BAMRAB.mth,9253.912,9232.347,8.786,8.554,8990.805,9323.987,9181.92,9.583,9.429,10.735,10.647,9.839,9.227,9.827,9.634,9.923,10.948,10.127,9.815,9.219,9.853,9.828,9.169,10.012,9.552,9.726,9.8,9.666,,,10.754,9.931,94.80%,98.60%,95.70%,99.50%,95.30%,99.00%,95.30%,10.594,10.708,,10.044,10.074
148,ICV LOW,R,5/16/2023 11:56,Failed,C:\Users\Public\Documents\PerkinElmer Syngistix\ICPMS\DataSet\230515_BAMRAB\ICV LOW.207,C:\Users\Public\Documents\PerkinElmer Syngistix\ICPMS\Method\EBL Methods\230515_UCFR_5% _BAMRAB.mth,996.298,999.222,9.04,8.245,101.503,1008.378,1189.267,9.71,9.763,9.557,9.761,9.938,9.402,10.009,10.035,10.299,10.109,8.956,9.352,8.641,9.54,9.565,8.96,9.741,9.512,9.508,9.571,9.073,,,9.336,9.884,102.60%,103.20%,96.60%,112.50%,95.80%,102.20%,100.40%,9.552,9.649,,10.233,10.781
149,ICV LOW,R,5/16/2023 12:02,Failed,C:\Users\Public\Documents\PerkinElmer Syngistix\ICPMS\DataSet\230515_BAMRAB\ICV LOW.208,C:\Users\Public\Documents\PerkinElmer Syngistix\ICPMS\Method\EBL Methods\230515_UCFR_5% _BAMRAB.mth,1004.813,1035.113,8.794,8.182,369.89,1005.981,1163.72,9.75,10.002,9.316,9.576,9.838,9.884,10.481,10.374,10.461,9.964,8.975,9.675,9.243,9.08,9.498,9.288,9.819,9.386,9.337,9.624,9.307,,,9.392,9.714,101.60%,102.50%,95.00%,111.80%,98.10%,102.80%,104.10%,9.477,9.532,,10.563,10.257
150,W11 DUP LD,R,5/16/2023 12:11,Passed,C:\Users\Public\Documents\PerkinElmer Syngistix\ICPMS\DataSet\230515_BAMRAB\W11 DUP LD.209,C:\Users\Public\Documents\PerkinElmer Syngistix\ICPMS\Method\EBL Methods\230515_UCFR_5% _BAMRAB.mth,1240.551,1562.018,3.441,1.278,2475.474,361.332,6518.102,0.132,0.012,0.011,2.241,1.557,2.429,-0.036,0.013,0.765,0.678,0.25,1.027,0.856,1.224,1.022,0.135,0.028,0.021,0.032,0.117,0.043,,,0.388,0.414,88.70%,96.00%,92.30%,108.10%,96.70%,103.30%,95.80%,0.001,0.002,,0.034,0.006
151,W11 DUP LSP,R,5/16/2023 12:17,Passed,C:\Users\Public\Documents\PerkinElmer Syngistix\ICPMS\DataSet\230515_BAMRAB\W11 DUP LSP.210,C:\Users\Public\Documents\PerkinElmer Syngistix\ICPMS\Method\EBL Methods\230515_UCFR_5% _BAMRAB.mth,3707.494,4132.842,5.146,3.438,5008.064,2850.303,8969.634,2.651,2.466,2.448,4.732,4.042,4.924,2.566,2.676,3.373,3.336,2.73,3.517,3.034,3.516,3.571,2.45,2.921,2.466,2.529,2.915,2.648,,,2.929,3.028,94.60%,96.70%,91.60%,105.60%,93.90%,104.50%,100.00%,2.516,2.535,,2.661,2.755
